|||Sütunlar||||||||||||
Satırlar|||Türkiye-TR||||||||||||
|||01-Ocak|02-Şubat|03-Mart|04-Nisan|05-Mayıs|06-Haziran|07-Temmuz|08-Ağustos|09-Eylül|10-Ekim|11-Kasım|12-Aralık|
|||||||||||||||
Tüketici Fiyat Endeksi (2025=100)|01. (Gıda Ve Alkolsüz İçecekler)|2023||||||||||||59.71|
||2024|62.81|67.99|70.3|72.26|73.48|74.79|76.16|75.32|77.19|80.53|84.64|85.73|
||2025|89.04|91.86|96.4|98.34|97.64|97.37|97.45|100.39|105.03|108.61|107.86|110.01|
||2026|117.26||||||||||||
|011. (Gıda)|2023||||||||||||59.79|
||2024|62.98|68.3|70.71|72.75|73.88|75.18|76.45|75.23|77.16|80.42|84.79|85.84|
||2025|89.13|92.07|96.76|98.77|97.84|97.47|97.33|100.14|104.79|108.41|107.6|109.7|
||2026|117.33||||||||||||
|0111. (Tahıllar Ve Tahıl Ürünleri)|2023||||||||||||57.43|
||2024|60.34|63.83|64.46|65.78|68.44|71.48|73.97|75.42|76.43|78.68|80.06|81.15|
||2025|87.48|91.95|92.11|94.38|95.61|96.96|98.36|103.84|106.74|109.87|110.62|112.09|
||2026|114.29||||||||||||
|01111. (Tahıllar)|2023||||||||||||67.2|
||2024|70.83|74.89|76.25|77.58|80.65|80.97|82.38|83.78|83.4|84.91|85.32|86.24|
||2025|88.01|91.68|92.02|93.55|98.15|98.79|100.62|102.57|103.01|108.64|110.35|112.62|
||2026|113.21||||||||||||
|01112. (Tahıl Unları)|2023||||||||||||66.59|
||2024|67.87|75.85|74.76|76.04|76.47|77.19|78.04|78.02|77.94|85.15|88.84|90.38|
||2025|90.04|90.49|89.76|93.64|94.12|95.19|96.65|107.44|108.13|110.0|112.0|112.53|
||2026|114.61||||||||||||
|01113. (Ekmek Ve Unlu Mamuller)|2023||||||||||||55.21|
||2024|58.25|61.08|61.79|63.22|66.17|69.71|72.54|74.18|75.54|77.36|78.48|79.52|
||2025|87.28|92.22|92.3|94.82|95.3|96.54|97.89|103.61|107.26|109.9|110.69|112.18|
||2026|114.45||||||||||||
|01114. (Kahvaltılık Tahıl Ürünleri)|2023||||||||||||53.01|
||2024|52.41|57.15|60.35|61.16|60.6|67.76|70.06|73.65|70.95|68.04|72.11|79.23|
||2025|83.58|82.44|91.28|90.98|96.66|109.25|98.75|104.59|107.27|107.88|111.44|115.88|
||2026|122.14||||||||||||
|01115. (Makarna, Erişte, Kuskus Ve Benzeri Makarna Ürünleri)|2023||||||||||||63.98|
||2024|66.85|72.93|73.2|72.89|74.1|76.11|77.16|77.61|77.39|81.35|84.37|84.75|
||2025|86.96|92.15|92.77|91.09|97.89|100.14|103.4|103.99|103.15|111.23|108.22|109.02|
||2026|113.21||||||||||||
|0112. (Canlı Hayvanlar, Kesilen Kara Hayvanlarının Etleri Ve Diğer Kısımları)|2023||||||||||||60.24|
||2024|64.06|69.51|79.27|85.3|87.31|85.22|84.71|82.59|83.71|83.04|84.56|85.76|
||2025|87.48|90.8|96.0|99.35|99.88|99.08|98.64|99.95|104.06|106.98|106.17|111.62|
||2026|120.66||||||||||||
|01122. (Et, Taze, Soğutulmuş Veya Dondurulmuş)|2023||||||||||||60.53|
||2024|64.23|69.78|80.08|86.94|88.22|85.83|85.2|82.58|83.77|83.05|84.73|85.89|
||2025|87.68|91.02|96.65|100.47|99.81|99.15|97.95|99.79|104.25|107.22|105.33|110.68|
||2026|120.36||||||||||||
|01123. (Et, Kurutulmuş, Tuzlanmış, Salamura Edilmiş Veya Tütsülenmiş)|2023||||||||||||58.42|
||2024|62.69|67.06|73.48|74.47|82.08|81.63|82.21|83.76|84.47|83.52|84.53|85.23|
||2025|86.26|90.02|92.06|91.23|101.47|98.57|102.78|100.27|102.46|105.67|112.34|116.87|
||2026|125.0||||||||||||
|01124. (Kesilmiş Hayvanların Sakatat Ve Diğer Parçaları (Taze, Soğutulmuş Veya Dondurulmuş, Kurutulmuş, Tuzlanmış, Salamura Edilmiş Veya Tütsülenmiş))|2023||||||||||||58.28|
||2024|67.07|72.73|77.19|79.83|79.77|78.98|79.16|77.15|77.69|82.8|86.43|89.36|
||2025|93.51|94.93|95.78|97.11|96.56|98.59|97.9|98.34|99.55|105.0|108.13|114.59|
||2026|119.0||||||||||||
|01125. (Kesilmiş Hayvanların Et, Sakatat Ve Diğer Parçalarından Yemeye Hazır Hale Getirilmiş Ürünler)|2023||||||||||||59.37|
||2024|62.8|68.76|77.0|78.08|82.98|83.29|82.57|82.34|83.04|81.92|79.61|82.62|
||2025|83.67|85.81|91.03|95.88|97.7|99.01|104.31|103.78|105.79|105.35|108.44|119.23|
||2026|122.33||||||||||||
|0113. (Balıklar Ve Diğer Su Ürünleri)|2023||||||||||||47.69|
||2024|55.64|61.19|60.79|58.91|57.7|58.33|59.42|61.44|72.23|76.34|77.62|83.56|
||2025|83.48|89.46|88.29|95.73|89.58|93.9|94.12|95.93|113.26|119.89|111.92|124.46|
||2026|129.39||||||||||||
|01131. (Balıklar, Canlı, Taze, Soğutulmuş Veya Dondurulmuş)|2023||||||||||||46.17|
||2024|54.67|60.45|59.76|57.65|56.25|56.42|57.62|59.8|70.95|75.64|76.59|82.97|
||2025|82.83|89.03|87.7|95.71|89.3|93.72|93.69|95.61|113.93|120.94|112.38|125.17|
||2026|130.36||||||||||||
|01133. (Konserve Edilmiş Veya İşlenmiş Balık Ürünleri)|2023||||||||||||68.37|
||2024|69.17|71.75|75.24|76.28|77.64|84.16|83.89|83.92|90.17|86.73|92.37|92.61|
||2025|93.33|95.99|97.31|96.04|93.9|96.69|100.73|100.84|103.09|103.8|104.76|113.51|
||2026|116.15||||||||||||
|0114. (Süt, Diğer Süt Ürünleri Ve Yumurtalar)|2023||||||||||||68.89|
||2024|69.83|75.36|74.14|73.65|74.53|75.85|77.32|78.42|82.83|81.76|84.15|86.85|
||2025|91.5|97.62|99.5|101.4|96.35|92.95|95.04|98.34|104.3|107.85|107.48|107.69|
||2026|109.6||||||||||||
|01141. (Çiğ Ve Tam Yağlı Süt)|2023||||||||||||71.83|
||2024|72.55|79.87|81.33|80.8|81.17|82.82|82.23|84.92|86.55|83.54|85.2|86.97|
||2025|90.47|98.14|98.58|96.31|96.95|93.97|98.49|99.95|103.68|106.22|108.36|108.9|
||2026|114.26||||||||||||
|01142. (Yağı Alınmış Süt)|2023||||||||||||73.64|
||2024|73.28|83.85|81.22|79.68|83.16|77.72|88.85|87.07|83.83|88.54|88.37|88.12|
||2025|90.02|100.36|98.63|101.12|96.97|99.99|96.97|99.65|101.53|104.27|105.62|104.86|
||2026|112.54||||||||||||
|01143. (Diğer Sütler Ve Krema)|2025||||||||||||100.0|
||2026|101.97||||||||||||
|01145. (Peynir)|2023||||||||||||68.8|
||2024|68.91|76.89|77.52|78.07|78.91|82.98|83.67|84.24|84.83|83.57|83.29|83.8|
||2025|89.56|95.76|96.4|97.54|96.93|95.83|97.84|101.43|103.37|107.0|108.82|109.51|
||2026|110.44||||||||||||
|01146. (Yoğurt Ve Benzeri Ürünler)|2023||||||||||||67.64|
||2024|67.89|77.11|76.1|77.3|82.96|84.52|84.59|84.14|84.21|84.09|84.64|85.15|
||2025|89.14|98.12|97.37|97.62|96.2|96.42|97.18|100.33|105.57|106.0|108.18|107.85|
||2026|111.31||||||||||||
|01147. (Süt Bazlı Tatlı Ve İçecekler)|2023||||||||||||58.67|
||2024|61.44|70.15|69.43|71.03|77.02|77.87|78.1|77.71|78.38|81.17|81.59|81.54|
||2025|86.25|94.36|93.81|95.82|95.39|95.2|95.38|102.13|105.73|110.04|113.33|112.55|
||2026|115.01||||||||||||
|01148. (Yumurtalar)|2023||||||||||||67.77|
||2024|71.29|66.55|59.79|55.92|52.56|49.11|53.04|56.03|75.22|73.87|84.28|94.54|
||2025|98.82|100.28|108.86|116.69|94.74|81.71|84.4|88.56|106.13|113.03|103.56|103.21|
||2026|102.84||||||||||||
|0115. (Sıvı Ve Katı Yağlar)|2023||||||||||||64.07|
||2024|66.14|71.43|72.19|73.01|74.34|74.72|76.48|76.78|79.37|84.14|85.4|87.09|
||2025|88.67|90.96|91.17|93.53|94.4|95.32|96.99|99.2|108.28|110.64|115.31|115.53|
||2026|117.18||||||||||||
|01151. (Bitkisel Sıvı Yağlar)|2023||||||||||||63.97|
||2024|66.39|70.01|71.08|72.24|72.5|73.1|74.86|75.72|78.93|85.4|86.83|88.2|
||2025|89.5|89.3|90.32|92.78|94.12|95.15|96.87|99.4|108.97|111.81|115.89|115.9|
||2026|117.11||||||||||||
|01152. (Tereyağı Ve Sütten Elde Edilen Diğer Yağlar)|2023||||||||||||64.85|
||2024|65.84|77.02|76.24|76.36|80.44|80.22|81.53|80.5|81.04|81.67|81.84|83.46|
||2025|86.06|97.87|95.19|96.91|95.59|96.1|97.18|97.52|105.77|106.21|112.47|113.13|
||2026|116.18||||||||||||
|01153. (Margarin)|2023||||||||||||60.31|
||2024|62.17|64.68|67.81|67.02|71.15|71.18|74.81|73.12|75.83|75.22|78.77|84.94|
||2025|86.65|87.28|87.03|90.75|93.62|94.61|98.12|103.64|108.09|111.2|118.52|120.5|
||2026|121.51||||||||||||
|0116. (Meyveler Ve Sert Kabuklu Meyveler)|2023||||||||||||47.6|
||2024|50.52|54.86|57.25|63.01|66.65|71.44|71.56|64.41|64.21|70.21|72.63|72.36|
||2025|75.8|80.6|87.79|101.69|109.49|109.95|102.81|106.64|107.4|107.91|106.67|103.26|
||2026|107.21||||||||||||
|01161. (Hurma, İncir Ve Tropikal Meyveler, Taze)|2023||||||||||||40.2|
||2024|46.84|54.75|62.88|69.14|69.89|67.46|60.14|61.6|75.64|73.4|65.99|66.94|
||2025|76.43|89.3|99.59|114.74|120.78|101.98|91.42|91.5|107.76|112.61|98.29|95.59|
||2026|93.04||||||||||||
|01162. (Turunçgiller, Taze)|2023||||||||||||32.01|
||2024|33.06|36.63|34.65|40.89|47.15|55.46|68.72|59.12|46.77|58.73|69.15|65.14|
||2025|66.53|69.53|79.28|101.69|111.94|118.39|120.28|134.61|111.07|98.03|101.41|87.25|
||2026|96.87||||||||||||
|01163. (Sert Çekirdekli Ve Yumuşak Çekirdekli Meyveler, Taze)|2023||||||||||||43.27|
||2024|44.66|46.53|48.64|49.17|51.46|54.93|56.12|54.46|57.29|57.97|61.95|64.07|
||2025|65.87|68.77|73.88|81.03|90.15|105.44|115.24|118.28|122.81|119.92|119.44|119.17|
||2026|124.22||||||||||||
|01164. (Üzümsü Meyveler, Taze)|2023||||||||||||30.67|
||2024|32.83|36.09|39.01|65.46|66.16|70.54|63.84|55.2|57.95|59.83|59.61|59.28|
||2025|62.65|67.73|76.53|114.76|114.15|112.18|105.8|110.35|115.24|117.18|104.25|99.19|
||2026|103.7||||||||||||
|01165. (Diğer Meyveler, Taze)|2023||||||||||||60.94|
||2024|65.47|72.15|76.86|86.21|92.59|102.04|88.04|63.12|65.08|82.02|80.97|80.9|
||2025|85.57|92.99|103.39|122.79|133.18|125.15|86.94|85.66|88.19|94.79|92.44|88.91|
||2026|93.25||||||||||||
|01167. (Kurutulmuş Ve Dehidre Meyveler)|2023||||||||||||51.61|
||2024|53.5|55.55|57.95|60.58|63.0|67.34|69.55|71.36|72.28|72.59|73.94|74.49|
||2025|75.27|75.48|75.53|80.68|92.21|107.08|111.76|114.76|115.7|116.97|117.06|117.5|
||2026|122.84||||||||||||
|01168. (Sert Kabuklu Meyveler, Kabuklu Veya Kabuksuz)|2023||||||||||||65.09|
||2024|67.73|70.79|72.62|73.95|75.55|77.78|78.99|79.69|79.79|79.96|81.38|82.87|
||2025|84.86|85.79|87.89|90.28|94.47|96.26|97.68|99.88|107.45|114.04|119.07|122.34|
||2026|125.23||||||||||||
|0117. (Sebzeler, Yumrulu Sebzeler, Plantainler, Yemeklik Muzlar Ve Bakliyat)|2023||||||||||||68.1|
||2024|72.94|82.6|81.17|77.42|71.58|72.86|75.54|72.33|75.63|87.87|106.33|105.06|
||2025|106.64|101.92|117.47|104.31|91.68|88.68|89.27|89.13|97.09|106.76|101.15|105.91|
||2026|130.99||||||||||||
|01171. (Yeşil Yapraklı Veya Saplı Sebzeler, Taze Veya Soğutulmuş)|2023||||||||||||52.31|
||2024|60.39|65.2|63.14|58.6|51.81|55.89|58.56|62.22|68.0|94.67|115.51|123.5|
||2025|119.79|98.59|97.93|98.96|82.05|79.92|80.77|90.09|112.15|147.85|103.84|88.05|
||2026|98.44||||||||||||
|01172. (Meyvesi Yenen Sebzeler, Taze Veya Soğutulmuş (Domates, Biber, Salatalık, Kabak Vb.))|2023||||||||||||73.55|
||2024|78.83|92.56|89.97|71.67|60.73|67.56|69.91|66.5|71.76|94.86|133.89|121.64|
||2025|124.53|113.89|142.04|99.68|82.48|80.2|81.91|78.82|90.23|104.83|95.22|106.17|
||2026|160.94||||||||||||
|01173. (Yeşil Baklagil Sebzeleri, Taze Veya Soğutulmuş)|2023||||||||||||67.12|
||2024|72.54|84.12|81.79|92.6|77.04|68.92|89.48|56.83|74.43|76.68|77.27|77.25|
||2025|78.74|72.4|86.99|152.66|95.51|83.8|87.81|102.2|111.55|106.73|107.14|114.48|
||2026|152.36||||||||||||
|01174. (Diğer Sebzeler, Taze Veya Soğutulmuş (Soğan, Sarımsak, Havuç, Mantar, Zeytin Vb.))|2023||||||||||||61.19|
||2024|65.12|74.73|74.55|86.72|83.79|78.55|83.97|79.7|80.41|84.43|88.97|98.55|
||2025|100.52|100.86|108.43|108.32|97.26|94.69|94.77|95.19|96.68|100.91|101.0|101.36|
||2026|104.99||||||||||||
|01175. (Yumrulu Sebzeler)|2023||||||||||||90.48|
||2024|103.19|107.36|99.95|106.25|107.81|99.15|84.36|77.02|74.92|71.51|71.41|78.07|
||2025|77.98|79.44|112.88|130.46|132.99|113.69|95.59|85.65|89.42|87.76|93.82|100.31|
||2026|105.83||||||||||||
|01176. (Kuru Baklagiller)|2023||||||||||||68.46|
||2024|73.71|79.38|81.29|82.22|84.58|84.55|84.7|86.04|86.15|87.2|87.5|89.51|
||2025|90.25|92.24|91.05|93.63|96.48|97.33|98.57|101.98|102.31|108.72|112.58|114.86|
||2026|115.07||||||||||||
|01179. (Konserve Edilmiş Veya İşlenmiş Sebze İçerikli Ürünler (Salça, Turşu, Zeytin Vb.))|2023||||||||||||70.98|
||2024|70.35|74.42|75.49|76.05|75.93|78.28|80.94|82.51|83.86|83.57|85.04|85.24|
||2025|85.41|92.05|90.9|91.07|92.48|94.18|99.08|100.46|109.35|113.38|114.7|116.93|
||2026|119.08||||||||||||
|0118. (Şeker, Şekerlemeler Ve Tatlılar)|2023||||||||||||54.72|
||2024|57.57|60.26|60.86|63.26|67.0|68.76|70.49|74.08|75.92|76.79|80.27|83.54|
||2025|86.09|90.89|91.98|94.97|96.18|98.77|100.56|103.93|107.43|108.7|108.96|111.52|
||2026|115.27||||||||||||
|01181. (Şeker)|2023||||||||||||74.71|
||2024|73.91|74.51|73.84|75.08|79.16|81.77|84.78|86.18|86.98|87.72|88.61|91.08|
||2025|92.3|92.52|94.35|96.96|98.88|99.83|100.55|101.85|105.1|105.8|105.94|105.91|
||2026|106.31||||||||||||
|01183. (Reçel, Meyve Jöleleri, Marmelat, Meyve Püreleri Ve Ezmeleri, Bal)|2023||||||||||||54.23|
||2024|56.47|61.24|61.43|63.03|64.7|64.7|67.88|69.4|72.47|74.04|78.79|80.26|
||2025|82.99|87.02|87.54|93.51|93.57|93.8|98.97|103.7|110.85|114.89|117.0|116.15|
||2026|119.82||||||||||||
|01184. (Sert Kabuklu Meyve Püresi, Meyve Ezmesi Ve Macunu)|2023||||||||||||66.67|
||2024|70.86|73.73|75.21|77.84|85.36|87.05|87.56|88.28|87.75|88.77|88.99|88.46|
||2025|91.12|93.43|93.66|93.8|96.44|98.0|98.74|99.5|101.85|108.82|112.59|112.05|
||2026|115.38||||||||||||
|01185. (Çikolata, Kakao, Kakao Bazlı Gıda Ürünleri)|2023||||||||||||42.24|
||2024|44.54|47.19|47.96|51.06|55.6|57.59|58.18|65.17|70.05|68.85|75.14|79.92|
||2025|81.03|85.8|85.34|91.62|92.46|98.44|101.03|108.53|112.33|114.15|112.96|116.29|
||2026|116.7||||||||||||
|01186. (Buz, Dondurma Ve Buzlu Şerbet (Sorbe))|2023||||||||||||51.9|
||2024|62.27|70.23|73.44|75.77|78.81|77.06|77.58|77.7|76.38|76.88|78.36|76.9|
||2025|87.12|102.18|101.48|100.23|99.87|99.38|101.17|103.41|102.77|98.04|99.22|105.13|
||2026|124.47||||||||||||
|01189. (Başka Yerde Sınıflandırılmamış Tatlılar Ve Diğer Şekerlemeler)|2023||||||||||||55.88|
||2024|60.08|61.11|61.57|64.36|67.32|70.58|72.84|75.97|74.37|78.71|80.33|85.68|
||2025|87.67|92.68|96.55|96.3|98.47|100.94|100.89|100.81|104.24|105.42|105.62|110.41|
||2026|109.78||||||||||||
|0119. (Yemeye Hazır Gıdalar Ve Başka Yerde Sınıflandırılmamış Diğer Gıda Ürünleri)|2023||||||||||||64.03|
||2024|66.63|71.1|71.25|72.08|76.69|75.98|79.47|81.59|83.15|84.76|86.84|89.34|
||2025|91.39|90.08|91.75|95.12|96.61|97.21|99.99|102.83|105.02|109.3|109.91|110.8|
||2026|115.11||||||||||||
|01191. (Yemeye Hazır Gıdalar (Hazır Pizza, Börek, Çorba Vb.))|2023||||||||||||58.03|
||2024|61.86|63.35|59.02|64.32|74.62|66.84|74.2|78.29|79.43|82.94|81.82|88.09|
||2025|89.09|87.17|85.31|96.99|98.86|99.42|104.94|107.43|102.94|110.0|107.61|110.24|
||2026|110.51||||||||||||
|01192. (Bebek Mamaları)|2023||||||||||||61.27|
||2024|61.53|64.37|67.8|68.0|74.18|73.12|75.9|76.3|74.93|76.64|81.04|85.25|
||2025|86.24|83.87|86.46|94.02|97.99|99.79|103.32|104.7|105.61|111.45|113.78|112.79|
||2026|117.25||||||||||||
|01193. (Tuz, Çeşniler Ve Soslar)|2023||||||||||||63.3|
||2024|64.51|68.92|71.4|73.19|76.53|78.05|77.83|80.75|80.95|84.14|85.55|86.91|
||2025|87.74|90.62|91.56|92.04|94.46|98.43|99.87|104.14|106.44|111.2|111.49|112.01|
||2026|113.37||||||||||||
|01194. (Baharatlar, Yemeklerde Kullanılan Otlar Ve Tohumlar)|2023||||||||||||67.49|
||2024|70.73|75.83|74.72|74.51|78.23|77.61|82.39|84.59|88.42|88.71|91.62|93.11|
||2025|95.86|92.52|95.45|97.59|98.04|96.75|97.57|100.31|103.97|107.04|106.44|108.46|
||2026|122.3||||||||||||
|01199. (Başka Yerde Sınıflandırılmamış Diğer Gıda Ürünleri)|2023||||||||||||58.55|
||2024|64.58|71.08|69.09|70.13|74.96|74.2|79.15|80.43|80.42|82.56|80.97|85.04|
||2025|89.27|90.15|87.54|91.45|90.85|90.18|103.1|105.93|106.79|111.38|117.33|116.03|
||2026|116.46||||||||||||
|012. (Alkolsüz İçecekler)|2023||||||||||||58.47|
||2024|60.31|63.41|64.37|65.19|67.62|69.04|71.87|76.63|77.65|82.08|82.47|84.14|
||2025|87.75|88.73|90.93|91.8|94.58|95.92|99.19|104.18|108.59|111.73|111.95|114.64|
||2026|118.25||||||||||||
|0121. (Meyve Ve Sebze Suları)|2023||||||||||||57.16|
||2024|58.53|63.01|63.67|65.24|68.76|71.49|73.89|75.89|75.11|75.95|77.61|80.0|
||2025|82.19|84.68|90.81|93.74|94.55|98.03|103.11|107.77|108.2|110.9|113.27|112.75|
||2026|118.8||||||||||||
|01210. (Meyve Ve Sebze Suları)|2023||||||||||||57.16|
||2024|58.53|63.01|63.67|65.24|68.76|71.49|73.89|75.89|75.11|75.95|77.61|80.0|
||2025|82.19|84.68|90.81|93.74|94.55|98.03|103.11|107.77|108.2|110.9|113.27|112.75|
||2026|118.8||||||||||||
|0122. (Kahve Ve Kahve İkameleri)|2023||||||||||||48.6|
||2024|52.3|53.95|53.87|54.98|59.83|59.57|62.85|64.53|66.15|71.51|71.85|76.53|
||2025|84.58|82.02|87.96|91.88|94.96|99.21|102.6|108.28|111.08|111.19|111.67|114.57|
||2026|121.02||||||||||||
|01220. (Kahve)|2023||||||||||||48.6|
||2024|52.3|53.95|53.87|54.98|59.83|59.57|62.85|64.53|66.15|71.51|71.85|76.53|
||2025|84.58|82.02|87.96|91.88|94.96|99.21|102.6|108.28|111.08|111.19|111.67|114.57|
||2026|121.02||||||||||||
|0123. (Çay, Mate Çayı Ve Demlenerek Hazırlanan Diğer Bitkisel Ürünler)|2023||||||||||||61.93|
||2024|62.61|63.79|63.89|64.6|66.74|67.32|70.05|77.87|79.37|86.37|86.54|87.41|
||2025|92.21|91.23|92.53|91.55|93.62|93.47|97.01|101.96|108.06|112.01|112.58|113.78|
||2026|116.57||||||||||||
|01230. (Çay Ve Demlenerek Hazırlanan Diğer Bitkisel Ürünler)|2023||||||||||||61.93|
||2024|62.61|63.79|63.89|64.6|66.74|67.32|70.05|77.87|79.37|86.37|86.54|87.41|
||2025|92.21|91.23|92.53|91.55|93.62|93.47|97.01|101.96|108.06|112.01|112.58|113.78|
||2026|116.57||||||||||||
|0125. (Maden Suları Ve Kaynak Suları)|2023||||||||||||57.44|
||2024|60.58|64.7|66.9|67.95|70.65|72.26|75.96|79.77|82.34|84.5|84.01|85.37|
||2025|86.89|90.92|92.55|93.62|96.92|96.53|99.83|104.64|107.98|110.38|109.19|110.54|
||2026|112.43||||||||||||
|01250. (Maden Suları Ve Kaynak Suları)|2023||||||||||||57.44|
||2024|60.58|64.7|66.9|67.95|70.65|72.26|75.96|79.77|82.34|84.5|84.01|85.37|
||2025|86.89|90.92|92.55|93.62|96.92|96.53|99.83|104.64|107.98|110.38|109.19|110.54|
||2026|112.43||||||||||||
|0126. (Meşrubatlar)|2023||||||||||||59.96|
||2024|61.45|68.13|70.27|70.45|70.88|74.74|76.45|78.85|76.82|79.2|80.88|82.26|
||2025|83.1|86.58|87.16|88.92|93.3|97.5|99.16|104.11|108.99|113.77|113.98|123.42|
||2026|127.56||||||||||||
|01260. (Meşrubatlar)|2023||||||||||||59.96|
||2024|61.45|68.13|70.27|70.45|70.88|74.74|76.45|78.85|76.82|79.2|80.88|82.26|
||2025|83.1|86.58|87.16|88.92|93.3|97.5|99.16|104.11|108.99|113.77|113.98|123.42|
||2026|127.56||||||||||||
|02. (Alkollü İçecekler, Tütün Ve Tütün Ürünleri)|2023||||||||||||61.44|
||2024|64.46|64.78|64.77|70.96|74.32|74.38|78.72|82.23|85.66|85.62|85.59|85.57|
||2025|86.44|86.43|95.04|94.98|95.04|95.17|100.59|106.67|106.64|109.22|111.86|111.92|
||2026|113.63||||||||||||
|021. (Alkollü İçecekler)|2023||||||||||||52.53|
||2024|64.84|68.6|68.49|68.22|70.49|71.14|83.4|84.32|83.56|83.15|82.71|82.52|
||2025|93.05|92.92|93.69|92.81|93.32|93.79|104.83|107.56|107.18|106.98|106.55|107.32|
||2026|114.87||||||||||||
|0211. (İçkiler Ve Likörler)|2023||||||||||||53.89|
||2024|67.02|68.6|67.7|67.95|72.52|73.05|85.63|86.39|85.02|84.31|84.12|83.89|
||2025|92.35|92.96|93.08|92.32|93.45|94.63|105.27|108.11|107.11|107.43|106.44|106.84|
||2026|114.81||||||||||||
|02110. (İçkiler Ve Likörler)|2023||||||||||||53.89|
||2024|67.02|68.6|67.7|67.95|72.52|73.05|85.63|86.39|85.02|84.31|84.12|83.89|
||2025|92.35|92.96|93.08|92.32|93.45|94.63|105.27|108.11|107.11|107.43|106.44|106.84|
||2026|114.81||||||||||||
|0212. (Şaraplar)|2023||||||||||||57.38|
||2024|63.11|67.29|69.49|68.42|71.12|71.96|77.52|82.64|84.43|85.61|84.94|86.57|
||2025|88.94|90.42|93.85|94.39|96.15|98.15|101.07|105.65|106.52|106.93|108.39|109.54|
||2026|112.45||||||||||||
|02121. (Şarap, Üzümden)|2023||||||||||||57.38|
||2024|63.11|67.29|69.49|68.42|71.12|71.96|77.52|82.64|84.43|85.61|84.94|86.57|
||2025|88.94|90.42|93.85|94.39|96.15|98.15|101.07|105.65|106.52|106.93|108.39|109.54|
||2026|112.45||||||||||||
|0213. (Biralar)|2023||||||||||||50.4|
||2024|63.15|68.98|69.2|68.58|68.52|69.26|82.48|82.79|82.13|81.71|81.09|80.59|
||2025|94.4|93.34|94.19|92.96|92.7|92.27|105.11|107.4|107.37|106.6|106.32|107.35|
||2026|115.26||||||||||||
|02130. (Biralar)|2023||||||||||||50.4|
||2024|63.15|68.98|69.2|68.58|68.52|69.26|82.48|82.79|82.13|81.71|81.09|80.59|
||2025|94.4|93.34|94.19|92.96|92.7|92.27|105.11|107.4|107.37|106.6|106.32|107.35|
||2026|115.26||||||||||||
|023. (Tütün Ve Tütün Ürünleri)|2023||||||||||||62.25|
||2024|64.42|64.42|64.42|71.2|74.67|74.67|78.29|82.04|85.85|85.85|85.85|85.85|
||2025|85.85|85.85|95.16|95.17|95.19|95.3|100.21|106.59|106.59|109.42|112.34|112.34|
||2026|112.34||||||||||||
|0230. (Tütün Ve Tütün Ürünleri)|2023||||||||||||62.25|
||2024|64.42|64.42|64.42|71.2|74.67|74.67|78.29|82.04|85.85|85.85|85.85|85.85|
||2025|85.85|85.85|95.16|95.17|95.19|95.3|100.21|106.59|106.59|109.42|112.34|112.34|
||2026|112.34||||||||||||
|02301. (Sigara)|2023||||||||||||62.25|
||2024|64.42|64.42|64.42|71.2|74.67|74.67|78.29|82.04|85.85|85.85|85.85|85.85|
||2025|85.85|85.85|95.16|95.17|95.19|95.3|100.21|106.59|106.59|109.42|112.34|112.34|
||2026|112.34||||||||||||
|03. (Giyim Ve Ayakkabı)|2023||||||||||||77.16|
||2024|75.92|76.07|78.08|81.66|89.49|88.98|86.68|86.98|90.14|103.05|102.79|102.1|
||2025|96.82|91.92|89.65|95.47|102.13|101.85|95.92|95.24|98.97|111.27|112.03|108.73|
||2026|103.66||||||||||||
|031. (Giyim)|2023||||||||||||76.4|
||2024|74.75|74.56|76.87|80.17|88.27|87.89|85.71|85.71|88.81|102.91|103.2|103.45|
||2025|97.8|91.7|88.73|95.14|102.93|102.44|95.52|94.5|98.45|111.68|112.09|109.03|
||2026|103.59||||||||||||
|0312. (Giysiler)|2023||||||||||||77.82|
||2024|75.71|75.21|77.51|80.94|89.47|88.84|86.28|86.16|89.28|104.42|104.66|104.82|
||2025|98.46|91.66|88.35|95.04|103.28|102.71|95.16|94.0|98.08|112.01|112.31|108.95|
||2026|103.18||||||||||||
|03121. (Erkek Ve Erkek Çocuk Giysileri)|2023||||||||||||75.18|
||2024|73.51|73.0|75.02|78.98|88.52|88.1|85.53|86.44|89.69|103.68|103.1|103.14|
||2025|96.64|90.7|88.18|94.91|103.2|101.64|94.88|93.54|98.52|113.22|114.31|110.25|
||2026|106.94||||||||||||
|03122. (Kadın Ve Kız Çocuk Giysileri)|2023||||||||||||79.76|
||2024|77.26|76.76|79.41|82.46|89.93|88.95|86.44|84.97|88.04|105.22|106.6|106.73|
||2025|100.39|92.51|88.29|95.13|103.52|103.92|95.37|94.2|97.46|110.86|110.51|107.84|
||2026|99.6||||||||||||
|03123. (Bebek Giysileri (0-2 Yaş))|2023||||||||||||107.09|
||2024|101.42|101.37|102.62|99.23|104.75|106.69|103.22|107.03|107.55|102.46|97.66|102.96|
||2025|99.52|95.79|93.64|96.14|99.73|101.63|97.43|100.49|101.34|108.31|103.91|102.07|
||2026|95.66||||||||||||
|03124. (Okul Üniformaları)|2025||||||||||||100.0|
||2026|100.15||||||||||||
|0313. (Diğer Giyim Eşyaları Ve Giyim Aksesuarları)|2023||||||||||||67.36|
||2024|69.22|72.75|75.06|76.68|79.41|81.72|83.35|84.6|87.44|89.56|89.64|90.59|
||2025|91.05|94.18|95.35|97.57|99.28|98.94|99.56|99.86|101.41|106.18|108.18|108.45|
||2026|106.62||||||||||||
|03131. (Diğer Giyim Eşyaları)|2023||||||||||||68.94|
||2024|68.81|71.76|74.82|77.14|81.12|84.05|84.56|85.3|87.25|89.89|89.72|90.68|
||2025|90.76|93.06|94.31|97.03|99.15|98.56|99.33|99.62|100.82|107.21|109.9|110.26|
||2026|108.4||||||||||||
|03132. (Giyim Aksesuarları)|2023||||||||||||64.44|
||2024|69.92|74.51|75.46|75.8|76.23|77.4|81.1|83.27|87.72|88.89|89.43|90.36|
||2025|91.74|96.95|97.92|98.89|99.6|99.87|100.12|100.42|102.85|103.67|103.95|104.02|
|0314. (Giyim Eşyalarının Temizlenmesi, Onarımı, Tadilatı, Dikimi Ve Kiralanması)|2023||||||||||||44.13|
||2024|50.28|53.67|56.05|58.02|60.91|64.0|67.08|68.82|71.24|72.63|74.66|76.13|
||2025|85.23|89.21|91.65|94.73|96.59|98.65|101.54|103.3|106.59|109.0|110.74|112.78|
||2026|123.9||||||||||||
|03141. (Giyim Eşyalarının Temizlenmesi)|2023||||||||||||45.29|
||2024|53.47|56.55|58.53|60.61|62.31|64.43|68.4|70.18|72.02|74.17|76.05|76.88|
||2025|86.49|90.28|91.4|94.44|96.56|97.62|100.18|102.04|106.79|109.42|111.42|113.34|
||2026|126.44||||||||||||
|03142. (Giyim Eşyalarının Onarımı, Tadilatı, Dikimi Ve Kiralanması)|2023||||||||||||43.59|
||2024|48.83|52.35|54.91|56.83|60.24|63.75|66.45|68.16|70.84|71.9|73.99|75.73|
||2025|84.57|88.65|91.78|94.89|96.6|99.19|102.26|103.96|106.48|108.77|110.38|112.48|
||2026|123.18||||||||||||
|032. (Ayakkabılar)|2023||||||||||||80.11|
||2024|80.45|81.88|82.77|87.38|94.24|93.19|90.44|91.89|95.3|103.66|101.29|97.04|
||2025|93.16|92.75|93.05|96.72|99.13|99.66|97.42|98.0|100.93|109.75|111.81|107.63|
||2026|104.69||||||||||||
|0321. (Ayakkabılar)|2023||||||||||||80.41|
||2024|80.71|82.12|83.01|87.63|94.53|93.46|90.65|92.09|95.49|103.92|101.51|97.2|
||2025|93.23|92.76|93.06|96.74|99.16|99.66|97.39|97.96|100.89|109.76|111.82|107.59|
||2026|104.65||||||||||||
|03211. (Erkek Ayakkabıları)|2023||||||||||||83.83|
||2024|84.65|87.22|87.38|91.94|98.98|97.26|93.12|95.31|98.23|104.27|100.85|96.99|
||2025|93.16|92.86|93.04|96.52|97.89|99.41|97.11|98.89|102.85|109.82|111.67|106.77|
||2026|103.52||||||||||||
|03212. (Kadın Ayakkabıları)|2023||||||||||||79.33|
||2024|79.16|79.91|81.43|85.8|93.56|92.11|90.24|89.84|93.59|103.66|102.68|98.05|
||2025|93.67|93.14|93.14|96.79|100.02|99.53|98.16|97.7|99.46|109.91|111.27|107.22|
||2026|104.88||||||||||||
|03213. (Bebek Ve Çocuk Ayakkabıları)|2023||||||||||||75.9|
||2024|76.17|76.74|77.68|82.99|87.77|88.74|86.52|90.42|94.07|103.61|100.16|95.65|
||2025|92.32|91.62|92.88|97.13|100.03|100.52|96.17|96.44|99.77|109.27|113.49|110.36|
||2026|107.04||||||||||||
|0322. (Ayakkabıların Temizlenmesi, Tamiri Ve Kiralanması)|2023||||||||||||47.03|
||2024|51.9|54.42|56.29|58.93|61.65|62.97|65.79|68.36|72.44|73.95|75.69|77.18|
||2025|84.86|90.69|92.48|94.28|95.98|99.65|101.93|103.51|105.77|108.01|110.57|112.26|
|03220. (Ayakkabıların Temizlenmesi, Tamiri Ve Kiralanması)|2023||||||||||||47.03|
||2024|51.9|54.42|56.29|58.93|61.65|62.97|65.79|68.36|72.44|73.95|75.69|77.18|
||2025|84.86|90.69|92.48|94.28|95.98|99.65|101.93|103.51|105.77|108.01|110.57|112.26|
|04. (Konut, Su, Elektrik, Gaz Ve Diğer Yakıtlar)|2023||||||||||||45.55|
||2024|48.94|50.61|52.34|53.07|56.82|58.97|63.73|69.14|71.81|73.91|75.69|76.98|
||2025|82.63|86.4|88.22|92.32|95.09|97.57|103.2|105.94|108.65|111.54|113.43|115.0|
||2026|120.1||||||||||||
|041. (Konut İçin Yapılan Gerçek Kira Ödemeleri)|2023||||||||||||35.87|
||2024|39.99|42.81|45.52|47.62|50.22|52.78|56.49|60.66|65.29|68.88|71.76|73.83|
||2025|80.23|84.43|87.29|90.09|92.88|96.57|101.09|105.76|110.4|114.53|117.39|119.32|
||2026|125.6||||||||||||
|0411. (Ana İkametgah İçin Kiracılar Tarafından Ödenen Gerçek Kiralar)|2023||||||||||||35.87|
||2024|39.99|42.81|45.52|47.62|50.22|52.78|56.49|60.66|65.29|68.88|71.76|73.83|
||2025|80.23|84.43|87.29|90.09|92.88|96.57|101.09|105.76|110.4|114.53|117.39|119.32|
||2026|125.6||||||||||||
|04110. (Kiracılar Tarafından Ödenen Gerçek Kira)|2023||||||||||||35.87|
||2024|39.99|42.81|45.52|47.62|50.22|52.78|56.49|60.66|65.29|68.88|71.76|73.83|
||2025|80.23|84.43|87.29|90.09|92.88|96.57|101.09|105.76|110.4|114.53|117.39|119.32|
||2026|125.6||||||||||||
|043. (Konutun Bakımı, Onarımı Ve Güvenliği)|2023||||||||||||62.71|
||2024|65.69|68.06|70.36|72.43|74.39|75.26|77.84|79.52|80.99|81.88|83.05|84.41|
||2025|88.26|91.15|92.42|95.53|97.71|99.1|101.43|103.51|105.48|106.99|108.12|110.31|
||2026|115.71||||||||||||
|0431. (Konutun Bakım Ve Onarımı İçin Malzemeler Ve Güvenlik Ekipmanları)|2023||||||||||||62.79|
||2024|65.75|68.1|70.41|72.49|74.45|75.31|77.88|79.57|81.03|81.92|83.08|84.45|
||2025|88.27|91.15|92.41|95.53|97.72|99.11|101.43|103.51|105.47|106.98|108.11|110.31|
||2026|115.42||||||||||||
|04311. (Konutun Bakım Ve Onarımı İçin Malzemeler)|2023||||||||||||62.79|
||2024|65.75|68.1|70.41|72.49|74.45|75.31|77.88|79.57|81.03|81.92|83.08|84.45|
||2025|88.27|91.15|92.41|95.53|97.72|99.11|101.43|103.51|105.47|106.98|108.11|110.31|
||2026|115.42||||||||||||
|0432. (Konutun Bakım, Onarım Ve Güvenlik Hizmetleri)|2023||||||||||||52.84|
||2024|58.87|62.7|64.21|65.62|67.77|69.46|72.5|74.37|75.76|77.67|79.62|80.59|
||2025|87.1|91.64|93.47|95.37|96.43|97.99|100.78|103.03|106.18|107.92|109.38|110.72|
||2026|116.35||||||||||||
|04320. (Konutun Bakım, Onarım Ve Güvenlik Hizmetleri)|2023||||||||||||52.84|
||2024|58.87|62.7|64.21|65.62|67.77|69.46|72.5|74.37|75.76|77.67|79.62|80.59|
||2025|87.1|91.64|93.47|95.37|96.43|97.99|100.78|103.03|106.18|107.92|109.38|110.72|
||2026|116.35||||||||||||
|044. (Konutla İlgili Su Temini Ve Çeşitli Hizmetler)|2023||||||||||||51.94|
||2024|54.48|55.09|55.93|56.58|56.45|63.61|65.83|67.55|68.7|69.61|70.14|70.51|
||2025|84.82|87.33|89.27|90.76|97.24|102.07|103.85|105.19|106.86|109.39|111.21|112.02|
||2026|120.22||||||||||||
|0441. (Su Temini)|2023||||||||||||51.94|
||2024|54.48|55.09|55.93|56.58|56.45|63.61|65.83|67.55|68.7|69.61|70.14|70.51|
||2025|84.82|87.33|89.27|90.76|97.24|102.07|103.85|105.19|106.86|109.39|111.21|112.02|
||2026|120.22||||||||||||
|04411. (Su (Şebeke Suyu))|2023||||||||||||51.94|
||2024|54.48|55.09|55.93|56.58|56.45|63.61|65.83|67.55|68.7|69.61|70.14|70.51|
||2025|84.82|87.33|89.27|90.76|97.24|102.07|103.85|105.19|106.86|109.39|111.21|112.02|
||2026|120.22||||||||||||
|045. (Elektrik, Gaz Ve Diğer Yakıtlar)|2023||||||||||||52.57|
||2024|55.43|55.79|56.42|55.05|62.09|62.4|69.97|79.25|80.18|81.06|81.97|82.55|
||2025|83.54|87.54|87.86|95.51|96.67|96.54|106.69|107.34|107.79|109.33|110.0|111.18|
||2026|113.35||||||||||||
|0451. (Elektrik)|2023||||||||||||56.12|
||2024|56.12|56.12|56.12|56.12|56.12|56.12|77.44|77.44|77.44|77.44|77.44|77.44|
||2025|77.44|85.73|85.14|102.85|105.31|104.36|106.61|106.75|106.03|106.5|106.3|106.98|
||2026|110.24||||||||||||
|04510. (Elektrik)|2023||||||||||||56.12|
||2024|56.12|56.12|56.12|56.12|56.12|56.12|77.44|77.44|77.44|77.44|77.44|77.44|
||2025|77.44|85.73|85.14|102.85|105.31|104.36|106.61|106.75|106.03|106.5|106.3|106.98|
||2026|110.24||||||||||||
|0452. (Gaz)|2023||||||||||||47.54|
||2024|51.92|52.34|53.28|50.92|62.65|63.16|65.39|80.82|82.01|82.61|83.43|83.91|
||2025|85.42|86.76|87.68|89.18|89.53|90.0|109.5|110.46|111.08|112.48|113.25|114.68|
||2026|115.84||||||||||||
|04521. (Doğalgaz Ve İlgili Abonelik Ücretleri)|2023||||||||||||46.11|
||2024|50.22|50.35|50.72|47.8|61.51|62.22|63.83|81.47|81.98|82.45|82.96|83.49|
||2025|84.53|84.78|85.91|87.41|87.88|88.48|111.85|112.54|113.08|113.66|114.57|115.31|
||2026|116.06||||||||||||
|04522. (Tüpgaz (Ev Tüpü))|2023||||||||||||56.13|
||2024|62.16|64.5|69.05|70.24|69.22|68.46|74.69|75.8|81.3|82.74|85.49|85.72|
||2025|89.2|95.21|95.18|96.68|96.53|96.45|99.51|101.61|102.55|107.46|107.62|112.0|
||2026|114.49||||||||||||
|0454. (Katı Yakıtlar)|2023||||||||||||73.12|
||2024|75.38|76.35|77.0|77.45|77.61|77.69|77.97|78.46|80.54|85.37|89.32|92.04|
||2025|94.07|95.13|95.95|96.4|96.67|96.85|97.59|98.6|101.67|106.62|109.37|111.08|
||2026|113.1||||||||||||
|04541. (Kömür, Kömür Briketi Ve Turba)|2023||||||||||||75.28|
||2024|77.58|78.34|78.9|79.33|79.34|79.27|79.46|79.81|81.71|85.99|90.36|93.35|
||2025|95.49|96.29|96.9|97.04|97.1|97.17|97.88|98.87|100.98|105.16|107.71|109.42|
||2026|110.76||||||||||||
|04542. (Yakacak Odun, Peletler Ve Briketler Dahil)|2023||||||||||||67.37|
||2024|69.51|71.07|71.94|72.43|73.0|73.49|74.0|74.92|77.46|83.8|86.62|88.59|
||2025|90.33|92.09|93.46|94.72|95.52|96.0|96.84|97.91|103.49|110.47|113.72|115.45|
||2026|119.07||||||||||||
|05. (Mobilya, Mefruşat Ve Evde Kullanılan Ekipmanlar İle Rutin Ev Bakım Ve Onarımı)|2023||||||||||||62.44|
||2024|67.02|69.03|71.26|74.19|75.57|76.8|78.07|78.92|80.48|81.94|84.24|86.58|
||2025|90.65|92.18|94.3|96.79|97.96|99.93|101.55|102.36|104.04|105.59|106.5|108.16|
||2026|111.61||||||||||||
|051. (Mobilya, Mefruşat Ve Halılar)|2023||||||||||||61.14|
||2024|67.45|69.82|73.33|78.14|79.51|80.53|79.27|80.58|80.59|83.73|84.26|86.09|
||2025|92.41|93.19|95.49|99.65|100.37|100.42|101.66|101.09|101.68|103.45|104.45|106.14|
||2026|110.06||||||||||||
|0511. (Mobilya, Mefruşat Ve Halılar)|2023||||||||||||61.14|
||2024|67.45|69.82|73.33|78.14|79.51|80.53|79.27|80.58|80.59|83.73|84.26|86.09|
||2025|92.41|93.19|95.49|99.65|100.37|100.42|101.66|101.09|101.68|103.45|104.45|106.14|
||2026|110.06||||||||||||
|05111. (Ev Mobilyaları)|2023||||||||||||61.26|
||2024|67.76|70.41|73.98|78.69|80.28|81.84|80.35|81.7|81.1|84.05|84.57|86.52|
||2025|92.81|93.16|95.6|99.83|100.57|100.61|101.66|100.98|101.58|103.19|104.19|105.82|
||2026|109.39||||||||||||
|05114. (Mefruşat, Halılar Ve Kilimler)|2023||||||||||||59.7|
||2024|63.62|62.57|65.42|71.34|70.23|64.56|66.04|66.88|74.35|79.86|80.44|80.88|
||2025|87.5|93.51|94.23|97.54|97.87|98.2|101.63|102.37|102.85|106.66|107.56|110.09|
||2026|116.59||||||||||||
|052. (Ev Tekstilleri)|2023||||||||||||66.38|
||2024|70.93|74.1|76.67|78.46|80.12|80.79|81.63|82.42|83.64|85.8|86.39|87.08|
||2025|89.09|91.93|95.55|97.37|99.67|100.22|101.81|103.17|104.3|105.96|105.32|105.61|
||2026|107.78||||||||||||
|0521. (Ev Tekstilleri)|2023||||||||||||66.38|
||2024|70.93|74.1|76.67|78.46|80.12|80.79|81.63|82.42|83.64|85.8|86.39|87.08|
||2025|89.09|91.93|95.55|97.37|99.67|100.22|101.81|103.17|104.3|105.96|105.32|105.61|
||2026|107.78||||||||||||
|05211. (Döşemelik Kumaşlar Ve Perdeler)|2023||||||||||||65.01|
||2024|68.65|72.5|74.82|76.67|78.39|78.59|79.39|80.57|82.08|83.38|85.66|86.65|
||2025|89.19|92.33|94.25|96.44|98.73|99.91|101.87|103.37|104.45|105.88|106.51|107.07|
||2026|110.29||||||||||||
|05212. (Yatak Takımları Ve Yatak Olarak Kullanılan Eşyalar)|2023||||||||||||67.51|
||2024|73.32|75.81|78.52|80.43|81.59|82.27|83.19|83.57|84.09|87.34|86.63|87.05|
||2025|88.65|90.88|96.35|98.18|100.61|100.65|101.92|103.09|104.35|105.96|104.7|104.65|
||2026|106.58||||||||||||
|05213. (Masa Ve Banyo Tekstili)|2023||||||||||||67.75|
||2024|70.27|73.54|76.7|77.49|81.55|84.61|85.16|86.23|89.63|90.45|89.14|89.77|
||2025|91.51|96.67|97.66|97.22|98.7|99.16|100.77|102.5|103.14|106.36|102.7|103.61|
||2026|105.6||||||||||||
|05219. (Diğer Ev Tekstilleri)|2025||||||||||||100.0|
||2026|100.75||||||||||||
|053. (Ev Aletleri)|2023||||||||||||61.96|
||2024|66.35|68.43|70.22|72.25|73.17|74.08|75.65|75.86|78.92|80.0|83.31|87.88|
||2025|90.79|91.98|94.3|95.12|96.8|99.64|100.93|102.37|105.25|106.53|107.31|108.96|
||2026|112.63||||||||||||
|0531. (Elektrikli Veya Elektriksiz Büyük Ev Aletleri)|2023||||||||||||62.94|
||2024|66.92|68.54|70.42|72.51|73.42|74.24|75.86|75.96|78.89|80.09|83.53|88.41|
||2025|90.94|91.75|94.37|95.06|96.96|99.68|100.86|102.19|105.29|106.28|107.47|109.17|
||2026|111.99||||||||||||
|05311. (Elektrikli Büyük Mutfak Eşyaları)|2023||||||||||||60.63|
||2024|65.31|66.65|68.74|70.71|71.48|72.48|74.13|74.73|77.96|78.32|83.15|88.3|
||2025|91.73|91.83|94.6|94.18|96.33|99.16|100.11|101.83|105.8|106.92|107.84|109.68|
||2026|111.89||||||||||||
|05312. (Çamaşır Makineleri Ve Kurutma Makineleri)|2023||||||||||||67.84|
||2024|70.39|71.32|72.12|73.79|74.22|75.02|75.97|75.93|78.0|80.87|83.14|87.76|
||2025|88.56|90.67|92.79|94.44|97.18|100.34|101.95|101.93|106.53|107.58|108.32|109.71|
||2026|112.87||||||||||||
|05313. (Isıtıcılar, Klimalar)|2023||||||||||||63.88|
||2024|67.01|67.78|69.98|73.23|74.81|75.73|77.9|78.13|79.64|80.81|83.64|86.8|
||2025|88.65|91.75|95.12|98.25|99.08|100.09|100.85|102.74|102.99|104.4|107.19|108.87|
||2026|111.76||||||||||||
|05314. (Temizlik Ekipmanları (Elektrik Süpürgesi Vb.))|2023||||||||||||63.67|
||2024|68.15|73.65|76.17|78.18|79.84|79.69|81.64|79.37|84.43|86.62|86.22|92.63|
||2025|95.25|93.62|95.52|96.16|96.54|100.26|102.26|103.73|103.44|103.09|104.22|105.91|
||2026|109.9||||||||||||
|0532. (Küçük Ev Aletleri)|2023||||||||||||64.8|
||2024|68.79|73.34|74.48|76.95|77.28|79.5|78.84|78.27|83.57|82.62|85.5|90.57|
||2025|92.07|93.41|93.51|95.84|95.02|100.59|102.48|104.09|104.65|107.79|104.3|106.25|
||2026|111.92||||||||||||
|05321. (Yiyecek Pişirme Ve İşlemede Kullanılan Küçük Aletler)|2023||||||||||||65.85|
||2024|70.03|74.67|75.74|78.95|79.02|81.33|80.43|80.3|85.41|84.08|86.64|90.99|
||2025|92.36|93.25|93.61|95.64|96.82|100.79|102.94|104.3|105.17|108.14|102.07|104.91|
||2026|106.75||||||||||||
|05322. (İçecek Hazırlamada Kullanılan Küçük Aletler)|2023||||||||||||63.23|
||2024|66.76|71.34|74.45|75.59|77.21|80.48|78.64|77.23|79.97|81.46|82.42|89.48|
||2025|91.14|93.68|93.55|96.35|92.69|100.34|103.11|104.4|104.95|107.52|107.12|105.14|
||2026|116.89||||||||||||
|05329. (Diğer Küçük Ev Aletleri)|2023||||||||||||63.43|
||2024|67.25|71.47|70.94|72.17|72.1|72.97|74.3|73.11|81.66|79.61|85.53|91.19|
||2025|92.76|93.42|93.14|95.6|93.48|100.41|99.93|102.89|102.53|107.16|106.35|112.34|
||2026|118.77||||||||||||
|0533. (Ev Aletlerinin Onarımı, Kurulumu Ve Kiralanması)|2023||||||||||||47.93|
||2024|56.81|60.88|62.51|63.31|64.92|65.31|68.88|70.92|72.88|74.89|77.23|78.17|
||2025|87.45|93.04|94.42|94.95|97.2|98.07|99.9|102.38|105.47|108.0|109.2|109.93|
||2026|119.8||||||||||||
|05330. (Ev Aletlerinin Onarımı, Kurulumu Ve Kiralanması)|2023||||||||||||47.93|
||2024|56.81|60.88|62.51|63.31|64.92|65.31|68.88|70.92|72.88|74.89|77.23|78.17|
||2025|87.45|93.04|94.42|94.95|97.2|98.07|99.9|102.38|105.47|108.0|109.2|109.93|
||2026|119.8||||||||||||
|054. (Züccaciye, Yemek Takımı Ve Ev Gereçleri)|2023||||||||||||68.58|
||2024|71.95|74.79|77.01|79.52|80.56|82.76|84.18|85.92|86.31|87.49|88.91|89.54|
||2025|92.69|94.19|95.65|98.15|98.32|99.87|102.08|102.65|103.4|104.6|103.93|104.49|
||2026|105.87||||||||||||
|0540. (Züccaciye, Yemek Takımı Ve Ev Gereçleri)|2023||||||||||||68.58|
||2024|71.95|74.79|77.01|79.52|80.56|82.76|84.18|85.92|86.31|87.49|88.91|89.54|
||2025|92.69|94.19|95.65|98.15|98.32|99.87|102.08|102.65|103.4|104.6|103.93|104.49|
||2026|105.87||||||||||||
|05401. (Cam, Kristal, Seramik, Porselen Ve Çin Porseleni Eşyalar)|2023||||||||||||67.57|
||2024|71.28|73.27|75.34|77.92|78.13|80.51|82.15|84.24|84.17|85.41|87.63|87.43|
||2025|91.94|93.12|94.2|97.49|97.36|99.69|102.94|103.47|104.22|105.76|105.14|104.66|
||2026|105.48||||||||||||
|05402. (Çatal Bıçak Takımları Ve Gümüş Çatal Bıçak Takımları)|2023||||||||||||74.45|
||2024|77.18|80.18|82.46|84.77|83.53|84.78|86.14|87.95|88.76|89.3|91.09|91.97|
||2025|93.68|96.59|99.05|100.89|100.88|100.1|100.68|101.33|101.8|102.31|100.35|102.32|
||2026|103.47||||||||||||
|05403. (Mutfak Gereçleri Ve Eşyaları)|2023||||||||||||68.61|
||2024|71.71|75.48|77.87|80.35|82.77|84.97|86.14|87.47|88.31|89.54|89.98|91.51|
||2025|93.36|94.97|96.71|98.41|98.96|100.02|101.35|101.95|102.76|103.68|103.18|104.67|
||2026|106.55||||||||||||
|055. (Ev Ve Bahçe Alet Ve Ekipmanları)|2023||||||||||||66.08|
||2024|69.41|71.83|72.34|73.42|75.9|76.99|80.62|83.33|84.59|84.61|88.99|90.61|
||2025|89.92|91.43|95.43|97.13|98.82|102.94|102.17|100.81|104.03|102.63|106.23|108.45|
||2026|108.95||||||||||||
|0552. (Motorlu Olmayan Ev Ve Bahçe Aletleri Ve Çeşitli Aksesuarlar)|2023||||||||||||66.08|
||2024|69.41|71.83|72.34|73.42|75.9|76.99|80.62|83.33|84.59|84.61|88.99|90.61|
||2025|89.92|91.43|95.43|97.13|98.82|102.94|102.17|100.81|104.03|102.63|106.23|108.45|
||2026|108.95||||||||||||
|05522. (Çeşitli Hırdavat Malzemeleri Ve Aksesuarlar (Pil, Ampul Vb.))|2023||||||||||||66.08|
||2024|69.41|71.83|72.34|73.42|75.9|76.99|80.62|83.33|84.59|84.61|88.99|90.61|
||2025|89.92|91.43|95.43|97.13|98.82|102.94|102.17|100.81|104.03|102.63|106.23|108.45|
||2026|108.95||||||||||||
|056. (Rutin Ev Bakımı İçin Mal Ve Hizmetler)|2023||||||||||||61.72|
||2024|65.28|66.4|68.04|70.88|72.77|74.5|77.62|78.55|79.98|80.37|83.48|84.3|
||2025|88.69|91.07|92.44|95.69|96.55|99.58|102.03|103.4|104.86|106.76|108.36|110.58|
||2026|114.83||||||||||||
|0561. (Dayanıklı Olmayan Ev Eşyaları)|2023||||||||||||71.64|
||2024|73.88|74.05|75.64|78.95|80.57|82.02|84.56|84.36|84.68|84.17|88.03|88.72|
||2025|90.56|91.9|93.1|97.02|97.41|100.21|101.68|103.19|103.86|105.19|106.61|109.28|
||2026|111.83||||||||||||
|05611. (Ev Temizlik Ve Bakım Ürünleri)|2023||||||||||||71.91|
||2024|73.9|73.47|75.2|78.36|79.82|81.53|84.3|83.86|84.51|83.41|87.71|88.32|
||2025|90.04|91.17|92.43|96.56|96.36|99.96|101.56|103.07|104.59|105.94|107.65|110.67|
||2026|113.33||||||||||||
|05619. (Diğer Dayanıklı Olmayan Ev Eşyaları)|2023||||||||||||70.15|
||2024|73.75|77.1|77.96|82.03|84.59|84.57|85.92|87.03|85.52|88.2|89.68|90.83|
||2025|93.3|95.7|96.6|99.39|102.89|101.55|102.32|103.81|100.03|101.26|101.18|101.94|
||2026|104.09||||||||||||
|0562. (Ev İçi Hizmetler Ve Hanehalkı Hizmetleri)|2023||||||||||||40.81|
||2024|46.97|49.99|51.7|53.55|55.93|58.22|62.45|65.61|69.26|71.45|73.02|74.07|
||2025|84.38|89.15|90.92|92.61|94.57|98.1|102.84|103.9|107.18|110.37|112.39|113.58|
||2026|123.84||||||||||||
|05629. (Diğer Hanehalkı Hizmetleri)|2023||||||||||||40.81|
||2024|46.97|49.99|51.7|53.55|55.93|58.22|62.45|65.61|69.26|71.45|73.02|74.07|
||2025|84.38|89.15|90.92|92.61|94.57|98.1|102.84|103.9|107.18|110.37|112.39|113.58|
||2026|123.84||||||||||||
|06. (Sağlık)|2023||||||||||||54.62|
||2024|64.28|66.62|67.57|68.27|69.5|70.67|73.32|74.54|75.67|77.85|79.94|80.64|
||2025|99.65|95.28|95.95|96.94|97.39|98.02|100.81|101.82|102.31|102.8|103.49|105.53|
||2026|121.2||||||||||||
|061. (İlaçlar Ve Sağlık Ürünleri)|2023||||||||||||68.04|
||2024|74.77|76.29|77.14|77.87|78.15|78.64|79.3|79.82|80.29|85.61|90.98|91.98|
||2025|95.16|95.32|96.57|97.82|98.44|99.11|100.24|101.0|101.21|101.87|103.22|110.05|
||2026|119.97||||||||||||
|0611. (İlaçlar)|2023||||||||||||74.65|
||2024|82.7|82.75|82.75|82.75|82.74|82.76|82.7|82.68|82.74|90.0|97.84|98.52|
||2025|99.35|99.38|99.26|99.08|99.09|99.1|99.11|99.12|99.13|99.13|99.14|109.11|
||2026|121.15||||||||||||
|06111. (İlaçlar, Aşılar Ve Diğer Eczacılık Ürünleri)|2023||||||||||||74.65|
||2024|82.7|82.75|82.75|82.75|82.74|82.76|82.7|82.68|82.74|90.0|97.84|98.52|
||2025|99.35|99.38|99.26|99.08|99.09|99.1|99.11|99.12|99.13|99.13|99.14|109.11|
||2026|121.15||||||||||||
|0612. (Medikal (Tıbbi) Ürünler)|2023||||||||||||63.78|
||2024|67.17|71.01|72.92|75.63|76.05|76.71|78.91|80.79|82.21|83.74|85.63|87.6|
||2025|90.38|91.93|92.83|95.53|97.02|98.49|101.82|103.59|104.79|105.92|107.81|109.88|
|06121. (Medikal (Tıbbi) Tanı Ürünleri)|2023||||||||||||63.78|
||2024|67.17|71.01|72.92|75.63|76.05|76.71|78.91|80.79|82.21|83.74|85.63|87.6|
||2025|90.38|91.93|92.83|95.53|97.02|98.49|101.82|103.59|104.79|105.92|107.81|109.88|
|06122. (Önleyici Ve Koruyucu Cihaz Ve Ürünler)|2023||||||||||||109.9|
|0613. (Yardımcı Ürünler)|2023||||||||||||58.22|
||2024|63.55|67.36|69.61|71.22|72.07|73.46|75.12|76.32|77.33|80.08|81.74|83.12|
||2025|90.1|90.03|93.54|96.56|97.87|99.34|101.5|103.11|103.33|104.88|108.15|111.58|
||2026|116.74||||||||||||
|06131. (Görmeye Yardımcı Ürünler)|2023||||||||||||55.21|
||2024|62.11|65.73|68.4|69.96|71.33|71.67|73.47|74.65|76.26|78.62|80.21|81.15|
||2025|90.83|90.55|94.48|96.19|97.06|98.39|100.95|103.3|104.21|105.45|107.71|110.88|
||2026|118.95||||||||||||
|06133. (Hareket Ve Günlük Yaşam İçin Yardımcı Ürünler)|2023||||||||||||67.66|
||2024|67.66|72.1|72.93|74.66|73.77|78.64|79.85|81.11|80.11|84.13|85.97|88.84|
||2025|87.97|88.53|90.81|97.65|100.23|102.09|103.1|102.58|100.8|103.22|109.42|113.6|
||2026|111.65||||||||||||
|062. (Ayaktan Tedavi Hizmetleri)|2023||||||||||||51.1|
||2024|61.21|64.6|65.78|66.78|68.21|69.2|71.18|72.23|73.68|74.73|75.25|75.69|
||2025|109.61|96.48|96.92|97.49|97.77|98.2|99.54|100.12|100.45|100.95|101.14|101.32|
||2026|121.89||||||||||||
|0622. (Ayaktan Ağız Ve Diş Tedavi Hizmetleri)|2023||||||||||||52.3|
||2024|65.79|70.5|72.12|73.51|75.44|76.68|79.12|80.49|82.45|83.89|84.54|85.08|
||2025|94.59|96.9|97.66|98.59|98.96|99.7|100.88|101.69|102.07|102.79|102.96|103.21|
||2026|115.9||||||||||||
|06229. (Diğer Ayaktan Ağız Ve Diş Tedavi Hizmetleri)|2023||||||||||||52.3|
||2024|65.79|70.5|72.12|73.51|75.44|76.68|79.12|80.49|82.45|83.89|84.54|85.08|
||2025|94.59|96.9|97.66|98.59|98.96|99.7|100.88|101.69|102.07|102.79|102.96|103.21|
||2026|115.9||||||||||||
|0623. (Diğer Ayaktan Tedavi Hizmetleri)|2023||||||||||||58.39|
||2024|61.45|61.99|62.23|62.39|62.75|63.28|64.43|64.86|65.21|65.43|65.7|65.95|
||2025|125.19|96.04|96.15|96.36|96.53|96.66|98.14|98.5|98.78|99.04|99.25|99.36|
||2026|131.44||||||||||||
|06231. (Ayaktan Tedavi Edici Ve Rehabilite Edici Hizmetler)|2023||||||||||||58.39|
||2024|61.45|61.99|62.23|62.39|62.75|63.28|64.43|64.86|65.21|65.43|65.7|65.95|
||2025|125.19|96.04|96.15|96.36|96.53|96.66|98.14|98.5|98.78|99.04|99.25|99.36|
||2026|131.44||||||||||||
|063. (Yatarak Tedavi Hizmetleri)|2023||||||||||||48.87|
||2024|59.95|62.31|63.27|63.51|65.94|68.43|74.0|75.89|77.05|77.56|78.17|78.99|
||2025|91.67|93.7|94.28|95.86|96.35|96.92|103.15|104.48|105.63|105.5|106.0|106.48|
||2026|123.0||||||||||||
|0631. (Yatarak Tedavi Edici Ve Rehabilite Edici Hizmetler)|2023||||||||||||48.87|
||2024|59.95|62.31|63.27|63.51|65.94|68.43|74.0|75.89|77.05|77.56|78.17|78.99|
||2025|91.67|93.7|94.28|95.86|96.35|96.92|103.15|104.48|105.63|105.5|106.0|106.48|
||2026|123.0||||||||||||
|06310. (Yatarak Tedavi Edici Ve Rehabilite Edici Hizmetler)|2023||||||||||||48.87|
||2024|59.95|62.31|63.27|63.51|65.94|68.43|74.0|75.89|77.05|77.56|78.17|78.99|
||2025|91.67|93.7|94.28|95.86|96.35|96.92|103.15|104.48|105.63|105.5|106.0|106.48|
||2026|123.0||||||||||||
|064. (Diğer Sağlık Hizmetleri)|2023||||||||||||46.58|
||2024|59.92|61.72|62.38|63.06|64.17|65.34|69.56|71.75|73.54|74.3|75.38|75.94|
||2025|91.04|94.1|94.49|95.21|95.8|97.1|102.03|104.37|104.85|105.95|107.18|107.88|
||2026|123.07||||||||||||
|0641. (Tanısal Görüntüleme Hizmetleri Ve Medikal (Tıbbi) Laboratuvar Hizmetleri)|2023||||||||||||46.58|
||2024|59.92|61.72|62.38|63.06|64.17|65.34|69.56|71.75|73.54|74.3|75.38|75.94|
||2025|91.04|94.1|94.49|95.21|95.8|97.1|102.03|104.37|104.85|105.95|107.18|107.88|
||2026|123.07||||||||||||
|06410. (Tanısal Görüntüleme Hizmetleri Ve Medikal (Tıbbi) Laboratuvar Hizmetleri)|2023||||||||||||46.58|
||2024|59.92|61.72|62.38|63.06|64.17|65.34|69.56|71.75|73.54|74.3|75.38|75.94|
||2025|91.04|94.1|94.49|95.21|95.8|97.1|102.03|104.37|104.85|105.95|107.18|107.88|
||2026|123.07||||||||||||
|07. (Ulaştırma)|2023||||||||||||66.86|
||2024|71.56|73.57|74.83|76.9|77.77|77.68|80.6|82.94|84.95|84.5|84.74|84.39|
||2025|88.32|90.97|91.19|94.6|97.08|99.36|102.18|103.75|106.62|107.75|109.65|108.53|
||2026|114.27||||||||||||
|071. (Araç Satın Alımı)|2023||||||||||||76.03|
||2024|78.18|78.78|80.76|81.83|84.35|83.55|84.24|86.01|88.14|86.82|87.06|87.09|
||2025|88.46|89.9|91.21|95.37|99.71|100.64|102.56|103.48|105.83|106.79|108.0|108.05|
||2026|110.64||||||||||||
|0711. (Motorlu Taşıtlar)|2023||||||||||||75.91|
||2024|78.02|78.57|80.56|81.53|83.97|83.2|83.93|85.81|88.1|86.76|86.96|87.01|
||2025|88.14|89.52|90.79|95.04|99.67|100.74|102.76|103.62|106.12|107.06|108.27|108.28|
||2026|110.95||||||||||||
|07111. (Birinci El Motorlu Taşıtlar)|2023||||||||||||75.91|
||2024|78.02|78.57|80.56|81.53|83.97|83.2|83.93|85.81|88.1|86.76|86.96|87.01|
||2025|88.14|89.52|90.79|95.04|99.67|100.74|102.76|103.62|106.12|107.06|108.27|108.28|
||2026|110.95||||||||||||
|0712. (Motosikletler)|2023||||||||||||80.38|
||2024|82.94|84.54|86.16|89.37|94.09|92.26|91.85|91.13|89.55|88.22|89.68|88.74|
||2025|94.03|96.31|98.22|100.83|100.46|99.04|99.12|100.98|100.97|102.29|103.49|104.26|
||2026|105.64||||||||||||
|07120. (Motosikletler)|2023||||||||||||80.38|
||2024|82.94|84.54|86.16|89.37|94.09|92.26|91.85|91.13|89.55|88.22|89.68|88.74|
||2025|94.03|96.31|98.22|100.83|100.46|99.04|99.12|100.98|100.97|102.29|103.49|104.26|
||2026|105.64||||||||||||
|0713. (Bisikletler)|2023||||||||||||66.68|
||2024|71.55|73.3|75.37|79.58|81.46|82.06|82.78|82.75|83.21|84.27|83.4|84.94|
||2025|88.35|92.24|94.8|97.25|99.19|99.99|102.13|103.68|104.31|104.99|105.79|107.26|
||2026|113.24||||||||||||
|07130. (Bisikletler)|2023||||||||||||66.68|
||2024|71.55|73.3|75.37|79.58|81.46|82.06|82.78|82.75|83.21|84.27|83.4|84.94|
||2025|88.35|92.24|94.8|97.25|99.19|99.99|102.13|103.68|104.31|104.99|105.79|107.26|
||2026|113.24||||||||||||
|072. (Kişisel Ulaşım Araçlarının Kullanımı)|2023||||||||||||63.96|
||2024|71.17|75.5|76.68|78.89|78.2|77.06|82.77|83.19|82.87|84.4|84.62|85.13|
||2025|91.28|93.49|92.51|93.83|94.68|97.87|102.93|104.26|105.63|106.44|109.32|107.76|
||2026|113.27||||||||||||
|0721. (Kişisel Ulaşım Araçlarının Parça Ve Aksesuarları)|2023||||||||||||62.11|
||2024|67.51|71.05|72.51|76.6|79.07|79.87|81.39|84.04|85.71|88.26|89.36|90.48|
||2025|92.65|93.8|94.22|96.06|97.69|98.98|100.73|102.42|103.52|105.21|106.72|107.99|
||2026|111.38||||||||||||
|07211. (Lastikler)|2023||||||||||||61.94|
||2024|67.38|71.05|72.55|77.05|79.45|80.39|81.78|84.41|86.22|88.91|90.07|91.22|
||2025|93.18|94.41|94.72|96.11|97.74|98.87|100.65|102.06|103.34|104.85|106.34|107.73|
||2026|110.5||||||||||||
|07212. (Kişisel Ulaşım Araçlarının Parçaları)|2023||||||||||||62.53|
||2024|67.85|70.93|72.66|74.42|77.41|77.46|79.7|82.42|83.19|84.96|85.82|86.77|
||2025|89.9|90.53|91.59|95.72|97.65|99.37|101.05|103.98|104.54|107.24|108.89|109.53|
||2026|113.51||||||||||||
|07213. (Kişisel Ulaşım Araçlarının Aksesuarları)|2023||||||||||||67.59|
||2024|72.34|74.01|73.48|74.54|77.13|76.83|79.28|82.4|83.75|85.34|85.44|86.47|
||2025|90.26|91.18|92.07|95.94|96.75|100.23|101.43|105.42|104.12|106.38|107.77|108.46|
||2026|112.71||||||||||||
|0722. (Kişisel Ulaşım Araçları İçin Yakıtlar Ve Yağlar)|2023||||||||||||70.44|
||2024|75.95|81.46|82.85|85.18|82.53|80.62|88.75|87.58|86.19|87.78|88.0|88.53|
||2025|92.92|95.03|93.17|92.83|92.87|96.7|103.19|103.41|105.84|106.06|110.37|107.6|
||2026|109.33||||||||||||
|07221. (Motorin (Mazot))|2023||||||||||||72.92|
||2024|78.46|84.95|82.88|84.05|81.27|81.57|89.03|87.2|84.23|85.44|85.69|86.92|
||2025|91.91|93.16|91.29|90.2|90.6|96.92|105.52|104.51|107.51|106.93|113.78|107.67|
||2026|109.91||||||||||||
|07222. (Benzin)|2023||||||||||||69.25|
||2024|75.04|81.43|84.57|88.65|87.34|83.41|91.09|89.44|85.14|87.89|86.46|86.5|
||2025|91.84|94.05|91.14|91.97|93.56|98.01|103.27|104.36|107.35|106.47|109.82|108.15|
||2026|108.95||||||||||||
|07223. (Kişisel Ulaşım Araçları İçin Diğer Yakıtlar)|2023||||||||||||69.13|
||2024|74.21|76.23|81.95|83.69|78.62|75.46|86.26|87.17|94.44|94.75|97.81|97.74|
||2025|98.29|102.44|102.98|101.81|97.1|92.9|96.83|98.17|97.9|102.79|102.7|106.1|
||2026|108.49||||||||||||
|07224. (Yağlar)|2023||||||||||||61.61|
||2024|67.01|69.75|70.75|72.32|74.38|75.06|78.12|81.07|81.39|83.09|84.92|86.31|
||2025|90.15|92.52|93.13|95.57|98.42|99.83|101.4|104.01|104.09|105.72|107.05|108.09|
||2026|112.41||||||||||||
|0723. (Kişisel Ulaşım Araçlarının Bakım Ve Onarımı)|2023||||||||||||53.41|
||2024|61.02|63.87|64.72|66.53|69.13|68.28|70.62|74.12|76.0|77.54|77.77|78.2|
||2025|85.68|88.0|88.39|94.12|96.86|99.58|103.13|107.31|106.85|109.53|110.18|110.38|
||2026|126.47||||||||||||
|07230. (Kişisel Ulaşım Araçlarının Bakım Ve Onarımı)|2023||||||||||||53.41|
||2024|61.02|63.87|64.72|66.53|69.13|68.28|70.62|74.12|76.0|77.54|77.77|78.2|
||2025|85.68|88.0|88.39|94.12|96.86|99.58|103.13|107.31|106.85|109.53|110.18|110.38|
||2026|126.47||||||||||||
|0724. (Kişisel Ulaşım Araçları İle İlgili Diğer Hizmetler)|2023||||||||||||47.93|
||2024|66.99|67.81|68.19|69.09|70.49|72.38|73.7|74.99|74.55|74.82|74.38|74.34|
||2025|93.38|96.92|97.42|98.49|99.39|100.82|102.33|103.86|102.51|101.86|101.54|101.48|
||2026|115.76||||||||||||
|07241. (Otopark Hizmetleri)|2023||||||||||||46.19|
||2024|53.66|56.03|56.82|58.1|59.38|60.97|65.39|66.77|68.49|69.95|70.38|70.76|
||2025|91.27|94.44|94.91|96.12|98.25|99.31|100.53|102.98|104.44|105.6|105.97|106.18|
|07242. (Geçiş Ücretleri)|2023||||||||||||19.58|
||2024|33.31|33.32|33.38|33.53|41.88|52.18|52.34|61.13|70.92|70.86|70.73|70.69|
||2025|99.79|99.56|99.65|99.9|100.02|100.2|100.24|100.15|100.19|100.15|100.08|100.06|
||2026|125.33||||||||||||
|07243. (Sürücü Kursları, Araç Muayene, Emisyon Ölçüm Ücreti Vb. Hizmetler)|2023||||||||||||47.33|
||2024|71.74|72.38|72.44|72.44|72.41|72.39|72.54|72.42|72.13|72.72|72.67|72.76|
||2025|95.51|99.91|100.13|100.26|100.33|100.4|100.45|100.43|100.44|100.43|100.85|100.85|
||2026|116.99||||||||||||
|07244. (Kişisel Ulaşım Araçlarının Sürücüsüz Olarak Kiralanması)|2023||||||||||||65.46|
||2024|66.94|68.34|70.23|75.58|80.07|86.67|92.63|96.61|88.98|87.32|84.43|83.6|
||2025|83.81|84.32|86.14|91.45|95.65|103.47|111.87|120.1|111.25|106.82|102.77|102.34|
||2026|106.11||||||||||||
|073. (Yolcu Taşıma Hizmetleri)|2023||||||||||||52.45|
||2024|58.4|59.66|59.44|63.38|63.19|66.08|69.2|75.77|81.16|79.37|79.62|77.08|
||2025|83.04|89.22|88.9|94.16|95.0|98.86|99.97|103.4|110.12|112.19|114.16|110.97|
||2026|119.91||||||||||||
|0731. (Demir Yolu İle Yolcu Taşımacılığı)|2023||||||||||||55.39|
||2024|55.49|55.55|55.55|55.55|55.67|56.08|62.24|70.09|70.09|70.33|70.53|70.53|
||2025|97.62|98.72|99.19|99.7|99.92|99.91|100.12|100.23|100.71|101.12|101.35|101.41|
||2026|109.78||||||||||||
|07311. (Tren İle Yolcu Taşımacılığı)|2023||||||||||||55.58|
||2024|55.58|55.58|55.58|55.58|55.58|55.65|61.97|69.91|69.91|69.91|70.0|70.0|
||2025|99.31|99.62|99.95|100.02|100.1|100.1|100.1|100.1|100.13|100.12|100.25|100.2|
||2026|109.33||||||||||||
|07312. (Metro Ve Tramvay İle Yolcu Taşımacılığı)|2023||||||||||||52.19|
||2024|53.58|54.35|54.35|54.35|56.15|60.89|64.86|71.44|71.44|74.69|76.44|76.44|
||2025|78.94|88.71|90.82|96.11|97.85|97.85|100.35|101.7|107.18|112.15|113.53|114.83|
||2026|118.5||||||||||||
|0732. (Kara Yolu İle Yolcu Taşımacılığı)|2023||||||||||||52.26|
||2024|57.47|59.76|59.54|62.98|62.4|65.31|68.63|73.12|79.5|78.71|78.89|78.19|
||2025|81.78|89.47|90.4|93.86|94.71|98.74|99.72|100.39|110.06|113.07|113.99|113.81|
||2026|117.32||||||||||||
|07321. (Otobüs İle Yolcu Taşımacılığı)|2023||||||||||||54.09|
||2024|60.86|61.09|60.05|65.69|64.43|68.87|73.69|80.15|80.12|78.58|78.79|77.62|
||2025|82.09|89.0|89.88|94.9|95.8|101.77|103.22|104.1|107.52|109.76|111.22|110.75|
||2026|115.06||||||||||||
|07322. (Taksi Ve Sürücüsü İle Birlikte Kiralanmış Taşıtlarla Yolcu Taşımacılığı)|2023||||||||||||48.34|
||2024|56.74|59.51|60.03|60.09|60.97|62.83|66.39|71.32|74.69|74.79|74.92|74.93|
||2025|80.98|88.74|89.64|92.7|95.09|98.15|98.98|99.96|106.76|116.04|116.19|116.75|
||2026|119.1||||||||||||
|07323. (Okul Servisleri)|2023||||||||||||50.19|
||2024|50.46|57.05|58.25|58.52|58.73|58.79|58.73|58.71|80.53|80.96|81.09|81.08|
||2025|81.45|90.91|91.94|92.0|92.03|92.03|91.99|92.04|117.52|119.3|119.32|119.48|
||2026|119.76||||||||||||
|0733. (Hava Yolu İle Yolcu Taşımacılığı)|2023||||||||||||55.65|
||2024|72.58|61.84|61.26|72.1|76.67|79.33|79.06|111.92|108.16|93.12|94.53|68.27|
||2025|91.8|83.09|68.03|96.67|97.79|101.33|101.17|138.02|114.16|105.86|120.97|81.12|
||2026|111.04||||||||||||
|07331. (Hava Yolu İle Yurt İçi Yolcu Taşımacılığı)|2023||||||||||||55.02|
||2024|58.43|59.25|56.07|58.39|71.31|82.95|89.0|106.55|106.12|99.66|94.44|70.82|
||2025|79.17|86.16|61.98|92.18|92.14|110.1|116.83|125.88|113.14|114.12|123.86|84.45|
||2026|107.24||||||||||||
|07332. (Hava Yolu İle Yurt Dışı Yolcu Taşımacılığı)|2023||||||||||||56.55|
||2024|88.19|64.9|67.13|87.24|82.79|75.73|68.63|118.19|110.8|86.43|95.01|65.79|
||2025|104.1|80.11|73.91|101.03|103.29|92.79|85.93|149.84|115.14|97.83|118.16|77.87|
||2026|122.32||||||||||||
|0734. (Deniz Ve İç Sularda Yolcu Taşımacılığı)|2023||||||||||||44.36|
||2024|51.52|51.57|52.97|60.68|59.37|67.63|70.28|68.51|68.19|68.89|67.6|67.6|
||2025|86.29|88.63|88.63|88.85|88.8|91.22|109.2|110.52|109.74|112.23|112.92|112.97|
||2026|125.35||||||||||||
|07340. (Deniz Ve İç Sularda Yolcu Taşımacılığı)|2023||||||||||||44.36|
||2024|51.52|51.57|52.97|60.68|59.37|67.63|70.28|68.51|68.19|68.89|67.6|67.6|
||2025|86.29|88.63|88.63|88.85|88.8|91.22|109.2|110.52|109.74|112.23|112.92|112.97|
||2026|125.35||||||||||||
|074. (Posta Ve Mal Taşımacılığı Hizmetleri)|2023||||||||||||49.09|
||2024|55.98|58.41|60.57|62.19|64.48|67.15|71.8|74.49|76.37|77.23|77.8|78.06|
||2025|86.7|90.37|91.54|93.63|96.51|99.28|103.9|106.02|107.78|107.89|107.99|108.39|
||2026|111.13||||||||||||
|0741. (Posta Ve Kurye Hizmetleri)|2023||||||||||||45.46|
||2024|63.41|65.13|65.15|65.17|65.18|70.89|70.9|71.27|71.65|71.64|71.64|71.64|
||2025|98.96|99.15|99.2|99.29|100.28|100.35|100.43|100.46|100.47|100.47|100.47|100.47|
||2026|114.83||||||||||||
|07412. (Kurye Ve Paket/Koli Dağıtım Hizmetleri)|2023||||||||||||45.46|
||2024|63.41|65.13|65.15|65.17|65.18|70.89|70.9|71.27|71.65|71.64|71.64|71.64|
||2025|98.96|99.15|99.2|99.29|100.28|100.35|100.43|100.46|100.47|100.47|100.47|100.47|
||2026|114.83||||||||||||
|0749. (Diğer Mal Taşımacılığı)|2023||||||||||||50.03|
||2024|56.19|58.71|61.05|62.82|65.3|67.78|72.85|75.74|77.76|78.69|79.32|79.6|
||2025|83.76|88.26|89.71|92.28|95.61|99.02|104.74|107.35|109.53|109.66|109.79|110.28|
||2026|111.85||||||||||||
|07491. (Nakliye Ve Depolama Hizmetleri)|2023||||||||||||50.03|
||2024|56.19|58.71|61.05|62.82|65.3|67.78|72.85|75.74|77.76|78.69|79.32|79.6|
||2025|83.76|88.26|89.71|92.28|95.61|99.02|104.74|107.35|109.53|109.66|109.79|110.28|
||2026|111.88||||||||||||
|07492. (Malların Dağıtım Ücretleri (Kurye, Paket Servis Vb.))|2025||||||||||||100.0|
||2026|100.0||||||||||||
|08. (Bilgi Ve İletişim)|2023||||||||||||69.92|
||2024|73.33|75.71|79.32|81.6|81.98|82.76|85.16|85.76|85.58|88.08|89.83|91.38|
||2025|93.79|95.48|95.61|96.42|95.93|97.73|101.01|102.24|103.75|104.27|105.49|108.26|
||2026|112.63||||||||||||
|081. (Bilgi Ve İletişim Ekipmanları)|2023||||||||||||86.37|
||2024|90.57|90.76|93.99|94.67|92.13|89.44|89.19|89.22|87.53|92.52|94.81|97.11|
||2025|98.37|97.8|97.22|98.73|97.53|99.6|100.35|100.46|102.43|101.68|102.03|103.8|
||2026|106.43||||||||||||
|0812. (Mobil Telefon Ekipmanları)|2023||||||||||||89.16|
||2024|91.3|91.33|94.91|95.24|93.15|91.72|89.17|89.62|84.89|93.38|95.54|98.24|
||2025|98.1|97.42|97.15|98.95|96.8|99.54|100.51|101.46|103.99|102.99|100.89|102.19|
||2026|105.17||||||||||||
|08120. (Mobil Telefon Ve Ekipmanları)|2023||||||||||||89.16|
||2024|91.3|91.33|94.91|95.24|93.15|91.72|89.17|89.62|84.89|93.38|95.54|98.24|
||2025|98.1|97.42|97.15|98.95|96.8|99.54|100.51|101.46|103.99|102.99|100.89|102.19|
||2026|105.17||||||||||||
|0813. (Bilgi İşleme Ekipmanları)|2023||||||||||||83.88|
||2024|90.48|86.57|92.52|87.81|86.65|84.03|88.8|86.25|91.23|95.05|95.85|98.1|
||2025|99.61|98.1|99.56|99.24|96.16|93.14|95.61|98.9|105.85|106.77|105.24|101.8|
||2026|105.24||||||||||||
|08131. (Bilgisayarlar, Diz Üstü Bilsayarlar Ve Tablet Bilgisayarlar)|2023||||||||||||91.94|
||2024|99.87|93.89|100.71|94.17|92.82|89.18|95.85|92.0|92.24|96.07|97.06|99.15|
||2025|101.21|98.47|99.95|98.87|95.07|92.62|95.34|98.57|106.3|107.08|105.69|100.83|
||2026|104.23||||||||||||
|08132. (Bilgisayar Çevre Birimleri Ve Sarf Malzemeleri)|2023||||||||||||60.11|
||2024|62.9|64.77|68.24|68.66|68.03|68.27|67.74|68.82|86.76|90.49|90.74|93.42|
||2025|92.48|96.43|97.85|100.9|101.06|95.48|96.79|100.4|103.86|105.37|103.25|106.14|
||2026|109.78||||||||||||
|0814. (Ses Ve Görüntü Alma, Kaydetme Ve Çoğaltma Ekipmanları)|2023||||||||||||84.56|
||2024|90.62|92.67|93.77|97.1|92.9|87.2|88.45|88.45|87.89|89.7|92.8|95.19|
||2025|97.68|98.2|96.45|98.04|98.88|101.38|100.9|99.2|99.28|100.18|103.91|105.89|
||2026|107.93||||||||||||
|08140. (Ses Ve Görüntü Alma, Kaydetme Ve Çoğaltma Ekipmanları)|2023||||||||||||84.56|
||2024|90.62|92.67|93.77|97.1|92.9|87.2|88.45|88.45|87.89|89.7|92.8|95.19|
||2025|97.68|98.2|96.45|98.04|98.88|101.38|100.9|99.2|99.28|100.18|103.91|105.89|
||2026|107.93||||||||||||
|0815. (Kaydedilmemiş (Boş) Kayıt Ortamları)|2023||||||||||||66.6|
||2024|69.51|71.99|75.14|77.07|80.37|80.82|81.71|83.68|84.94|87.15|92.61|93.91|
||2025|93.91|94.73|96.03|96.64|97.83|99.44|100.26|99.52|100.19|99.81|103.67|117.97|
|08150. (Kaydedilmemiş (Boş) Kayıt Ortamları)|2023||||||||||||66.6|
||2024|69.51|71.99|75.14|77.07|80.37|80.82|81.71|83.68|84.94|87.15|92.61|93.91|
||2025|93.91|94.73|96.03|96.64|97.83|99.44|100.26|99.52|100.19|99.81|103.67|117.97|
|0819. (Diğer Bilgi Ve İletişim Ekipmanları Ve Aksesuarları)|2023||||||||||||83.19|
||2024|89.42|89.03|94.44|94.81|92.92|93.71|93.99|95.16|97.23|95.12|96.57|96.2|
||2025|101.58|98.73|97.44|99.53|98.96|102.15|103.76|100.99|99.93|92.51|97.71|106.7|
||2026|106.89||||||||||||
|08191. (Diğer Bilgi Ve İletişim Ekipmanları)|2023||||||||||||98.96|
||2024|99.61|97.23|106.47|104.94|100.57|102.87|103.38|106.3|109.09|99.78|101.47|99.92|
||2025|105.26|100.65|98.76|99.02|98.44|102.97|105.27|100.56|98.51|86.57|95.07|108.92|
||2026|112.01||||||||||||
|08192. (Diğer Bilgi Ve İletişim Aksesuarları)|2023||||||||||||67.74|
||2024|77.97|79.12|81.39|83.19|83.27|82.88|82.97|82.75|84.2|87.67|88.87|89.41|
||2025|94.87|95.22|95.05|100.45|99.91|100.66|101.02|101.78|102.54|103.34|102.51|102.65|
||2026|101.9||||||||||||
|083. (Bilgi Ve İletişim Hizmetleri)|2023||||||||||||60.69|
||2024|63.65|67.19|70.99|74.11|76.04|78.68|82.49|83.39|84.03|85.18|86.62|87.76|
||2025|90.9|94.02|94.6|94.96|94.92|96.55|101.42|103.37|104.59|105.91|107.67|111.08|
||2026|117.08||||||||||||
|0831. (Sabit İletişim Hizmetleri)|2023||||||||||||51.69|
||2024|56.49|57.4|59.33|59.57|61.23|62.75|74.29|75.54|76.74|78.31|81.44|84.08|
||2025|84.85|86.37|88.35|89.7|91.86|97.09|101.71|106.47|108.92|111.46|114.91|118.32|
|08310. (Sabit İletişim Hizmetleri)|2023||||||||||||51.69|
||2024|56.49|57.4|59.33|59.57|61.23|62.75|74.29|75.54|76.74|78.31|81.44|84.08|
||2025|84.85|86.37|88.35|89.7|91.86|97.09|101.71|106.47|108.92|111.46|114.91|118.32|
|0832. (Mobil İletişim Hizmetleri)|2023||||||||||||68.29|
||2024|69.13|73.81|79.12|82.41|83.35|86.62|90.89|90.14|89.1|89.15|90.12|90.51|
||2025|93.12|96.9|96.9|96.79|95.68|96.44|102.11|103.19|103.28|103.18|104.18|108.24|
||2026|114.95||||||||||||
|08320. (Mobil İletişim Hizmetleri)|2023||||||||||||68.29|
||2024|69.13|73.81|79.12|82.41|83.35|86.62|90.89|90.14|89.1|89.15|90.12|90.51|
||2025|93.12|96.9|96.9|96.79|95.68|96.44|102.11|103.19|103.28|103.18|104.18|108.24|
||2026|114.95||||||||||||
|0833. (İnternet Erişimi Sağlama Hizmetleri Ve Ağ Depolama Hizmetleri)|2023||||||||||||45.36|
||2024|47.91|50.27|52.81|55.79|59.06|61.99|65.99|69.16|72.23|76.06|78.96|81.99|
||2025|84.21|86.09|88.31|90.21|93.25|96.71|101.55|105.19|108.46|111.89|115.42|118.7|
||2026|121.64||||||||||||
|08330. (İnternet Erişim Hizmetleri)|2023||||||||||||45.36|
||2024|47.91|50.27|52.81|55.79|59.06|61.99|65.99|69.16|72.23|76.06|78.96|81.99|
||2025|84.21|86.09|88.31|90.21|93.25|96.71|101.55|105.19|108.46|111.89|115.42|118.7|
||2026|121.64||||||||||||
|0835. (Bilgi Ve İletişim Ekipmanlarının Onarımı Ve Kiralanması)|2023||||||||||||51.51|
||2024|60.58|64.02|65.38|66.24|67.82|68.9|71.01|73.58|74.56|76.24|77.76|79.4|
||2025|85.71|91.2|94.28|95.58|97.62|99.27|102.11|103.63|105.15|106.09|109.13|110.24|
||2026|115.77||||||||||||
|08350. (Bilgi Ve İletişim Ekipmanlarının Onarımı Ve Kiralanması)|2023||||||||||||51.51|
||2024|60.58|64.02|65.38|66.24|67.82|68.9|71.01|73.58|74.56|76.24|77.76|79.4|
||2025|85.71|91.2|94.28|95.58|97.62|99.27|102.11|103.63|105.15|106.09|109.13|110.24|
||2026|115.77||||||||||||
|0839. (Diğer Bilgi Ve İletişim Hizmetleri)|2023||||||||||||58.37|
||2024|69.93|70.43|70.48|74.21|78.17|77.48|78.01|81.06|84.27|84.27|84.32|84.25|
||2025|91.97|92.12|92.17|92.1|92.13|95.82|95.87|100.4|105.15|112.23|115.01|115.03|
||2026|122.48||||||||||||
|08392. (Görsel-İşitsel İçeriklerin Aboneliği, Kiralanması Ve Çevrim İçi Yayın Hizmetleri)|2023||||||||||||58.86|
||2024|70.47|70.81|70.81|74.64|78.71|77.89|78.29|81.4|84.66|84.64|84.62|84.54|
||2025|92.03|92.03|92.03|91.96|91.95|95.72|95.71|100.34|105.2|112.44|115.28|115.29|
||2026|122.76||||||||||||
|08399. (Diğer Bilgi Ve İletişim Hizmetleri)|2023||||||||||||40.71|
||2024|50.7|56.25|57.84|58.48|58.87|62.13|67.08|68.11|69.62|70.02|72.63|72.79|
||2025|89.38|95.49|97.41|97.79|99.34|99.72|102.39|102.76|103.17|103.86|104.23|104.44|
|09. (Eğlence, Dinlence, Spor Ve Kültür)|2023||||||||||||57.2|
||2024|62.17|65.11|68.34|70.43|72.76|74.5|76.16|78.91|81.12|81.22|83.31|84.56|
||2025|90.15|90.27|93.59|95.3|98.05|99.41|102.31|104.16|104.97|105.44|107.77|108.57|
||2026|114.39||||||||||||
|092. (Diğer Eğlence Malları)|2023||||||||||||72.49|
||2024|76.08|78.76|83.16|84.4|87.97|87.92|87.56|90.28|91.41|93.83|92.1|92.49|
||2025|93.54|94.87|96.34|95.57|97.52|100.27|103.62|103.31|102.79|103.2|104.58|104.38|
||2026|104.91||||||||||||
|0921. (Oyunlar, Oyuncaklar Ve Hobiler)|2023||||||||||||68.37|
||2024|71.44|74.57|79.78|80.51|84.87|84.76|83.48|86.67|89.05|92.4|90.5|91.34|
||2025|92.6|93.76|95.0|93.96|97.0|100.68|105.54|104.8|103.67|104.46|103.95|104.58|
||2026|107.19||||||||||||
|09211. (Video Oyunu Bilgisayarları, Oyun Konsolları, Oyun Uygulamaları Ve Yazılımları)|2024||||||||||||93.1|
||2025|94.39|94.17|94.16|94.6|94.05|100.03|107.99|107.18|103.53|103.16|102.86|103.86|
||2026|107.95||||||||||||
|09212. (Diğer Oyunlar, Oyuncaklar Ve Hobiler)|2023||||||||||||66.96|
||2024|69.97|73.04|78.14|78.86|83.13|83.02|81.77|84.89|87.22|90.51|88.64|89.46|
||2025|90.69|93.32|95.89|93.28|100.15|101.38|102.93|102.26|103.82|105.84|105.11|105.35|
||2026|107.68||||||||||||
|0922. (Spor, Kamp Ve Açık Hava Eğlence Ekipmanları)|2023||||||||||||81.56|
||2024|86.32|87.95|90.55|92.91|94.69|94.77|96.49|98.17|96.45|96.79|95.44|94.82|
||2025|95.46|97.12|99.07|98.83|98.58|99.44|99.72|100.28|101.01|100.66|105.87|103.97|
||2026|101.47||||||||||||
|09221. (Spor Ekipmanları)|2023||||||||||||81.56|
||2024|86.32|87.95|90.55|92.91|94.69|94.77|96.49|98.17|96.45|96.79|95.44|94.82|
||2025|95.46|97.12|99.07|98.83|98.58|99.44|99.72|100.28|101.01|100.66|105.87|103.97|
||2026|101.47||||||||||||
|093. (Bahçe Ürünleri Ve Ev Hayvanları)|2023||||||||||||67.96|
||2024|73.38|66.51|75.29|80.48|76.92|84.05|83.76|83.49|88.15|71.35|87.89|91.68|
||2025|98.2|80.18|99.3|94.26|103.46|102.1|106.38|105.99|100.38|91.61|107.15|111.0|
||2026|108.97||||||||||||
|0932. (Ev Hayvanları Ve Ev Hayvanları İçin Ürünler)|2023||||||||||||67.96|
||2024|73.38|66.51|75.29|80.48|76.92|84.05|83.76|83.49|88.15|71.35|87.89|91.68|
||2025|98.2|80.18|99.3|94.26|103.46|102.1|106.38|105.99|100.38|91.61|107.15|111.0|
||2026|108.97||||||||||||
|09322. (Ev Hayvanları Ve Diğer Evcil Hayvanlar İçin Ürünler)|2023||||||||||||67.96|
||2024|73.38|66.51|75.29|80.48|76.92|84.05|83.76|83.49|88.15|71.35|87.89|91.68|
||2025|98.2|80.18|99.3|94.26|103.46|102.1|106.38|105.99|100.38|91.61|107.15|111.0|
||2026|108.97||||||||||||
|094. (Eğlence Ve Dinlence Hizmetleri)|2023||||||||||||44.85|
||2024|51.86|54.36|55.72|57.54|59.5|61.24|63.35|68.59|72.38|74.58|75.68|76.3|
||2025|84.48|87.42|90.16|94.25|95.81|98.82|101.42|105.72|108.39|110.28|111.62|111.63|
||2026|123.32||||||||||||
|0945. (Veterinerlik Ve Ev Hayvanları İçin Diğer Hizmetler)|2023||||||||||||43.64|
||2024|57.55|60.5|61.34|61.78|62.02|62.38|66.47|70.23|70.79|70.99|71.2|71.63|
||2025|92.36|95.19|96.23|96.79|97.02|97.75|98.22|103.91|104.69|105.24|106.19|106.4|
||2026|124.91||||||||||||
|09450. (Veterinerlik Ve Ev Hayvanları İçin Diğer Hizmetler)|2023||||||||||||43.64|
||2024|57.55|60.5|61.34|61.78|62.02|62.38|66.47|70.23|70.79|70.99|71.2|71.63|
||2025|92.36|95.19|96.23|96.79|97.02|97.75|98.22|103.91|104.69|105.24|106.19|106.4|
||2026|124.91||||||||||||
|0946. (Eğlence, Dinlence Ve Spor Hizmetleri)|2023||||||||||||45.54|
||2024|52.12|55.05|56.74|59.07|61.61|63.51|65.6|68.28|73.18|76.05|77.46|78.22|
||2025|86.06|89.37|90.56|92.95|94.85|97.27|100.42|105.16|108.36|110.63|112.19|112.19|
||2026|122.76||||||||||||
|09461. (Eğlence Ve Dinlence Hizmetleri)|2025||||||||||||100.0|
||2026|112.73||||||||||||
|09462. (Spor Faaliyetlerine Katılım)|2023||||||||||||45.52|
||2024|52.44|55.68|57.54|59.95|62.67|64.43|66.26|67.81|72.39|75.4|77.26|77.9|
||2025|86.8|90.08|91.35|94.18|96.2|98.27|101.03|103.77|106.97|109.16|110.79|111.4|
||2026|120.75||||||||||||
|09463. (Spor Faaliyetlerine Seyir Amaçlı Katılım)|2023||||||||||||45.39|
||2024|46.34|44.2|43.05|43.98|43.69|47.9|54.13|75.31|85.38|86.07|79.97|82.82|
||2025|75.55|79.22|79.32|75.5|75.56|83.08|91.76|125.01|128.11|131.53|132.04|123.32|
|0947. (Şans Oyunları)|2023||||||||||||39.56|
||2024|44.38|44.38|44.38|44.38|44.38|46.03|47.01|65.15|65.15|65.15|65.15|65.15|
||2025|67.47|67.72|83.18|102.15|102.15|111.05|111.05|111.05|111.05|111.05|111.05|111.05|
||2026|118.23||||||||||||
|09470. (Şans Oyunları)|2023||||||||||||39.56|
||2024|44.38|44.38|44.38|44.38|44.38|46.03|47.01|65.15|65.15|65.15|65.15|65.15|
||2025|67.47|67.72|83.18|102.15|102.15|111.05|111.05|111.05|111.05|111.05|111.05|111.05|
||2026|118.23||||||||||||
|095. (Kültürel Mallar)|2023||||||||||||71.77|
||2024|74.47|78.61|83.62|85.25|87.9|88.73|89.03|91.38|92.68|93.53|93.64|94.08|
||2025|95.07|96.22|97.49|98.46|99.41|100.49|100.69|100.69|102.42|102.91|103.12|103.03|
|0951. (Müzik Enstrümanları)|2023||||||||||||71.77|
||2024|74.47|78.61|83.62|85.25|87.9|88.73|89.03|91.38|92.68|93.53|93.64|94.08|
||2025|95.07|96.22|97.49|98.46|99.41|100.49|100.69|100.69|102.42|102.91|103.12|103.03|
|09510. (Müzik Enstrümanları)|2023||||||||||||71.77|
||2024|74.47|78.61|83.62|85.25|87.9|88.73|89.03|91.38|92.68|93.53|93.64|94.08|
||2025|95.07|96.22|97.49|98.46|99.41|100.49|100.69|100.69|102.42|102.91|103.12|103.03|
|096. (Kültürel Hizmetler)|2023||||||||||||50.16|
||2024|54.41|56.81|59.61|62.77|66.32|68.0|70.42|72.35|74.23|75.11|76.65|77.35|
||2025|88.05|91.42|92.49|96.03|99.95|101.06|102.93|104.02|105.11|105.6|106.24|107.12|
||2026|111.11||||||||||||
|0961. (Sinema, Tiyatro Ve Konser Salonlarında Verilen Hizmetler)|2023||||||||||||51.62|
||2024|56.18|59.94|62.77|65.6|66.28|67.93|69.47|69.74|70.8|77.4|79.46|82.48|
||2025|87.44|90.05|90.83|97.01|98.97|100.75|102.13|102.53|103.21|106.35|109.05|111.67|
||2026|113.37||||||||||||
|09610. (Sinema, Tiyatro Ve Konser Salonlarında Verilen Hizmetler)|2023||||||||||||51.62|
||2024|56.18|59.94|62.77|65.6|66.28|67.93|69.47|69.74|70.8|77.4|79.46|82.48|
||2025|87.44|90.05|90.83|97.01|98.97|100.75|102.13|102.53|103.21|106.35|109.05|111.67|
||2026|113.37||||||||||||
|0963. (Fotoğrafçılık Hizmetleri)|2023||||||||||||43.51|
||2024|54.38|57.28|59.35|60.72|63.01|64.99|67.6|70.97|73.65|75.29|76.63|78.01|
||2025|86.39|91.59|92.86|94.4|96.98|98.67|101.52|104.29|106.83|107.97|108.75|109.74|
|09630. (Fotoğrafçılık Hizmetleri)|2023||||||||||||43.51|
||2024|54.38|57.28|59.35|60.72|63.01|64.99|67.6|70.97|73.65|75.29|76.63|78.01|
||2025|86.39|91.59|92.86|94.4|96.98|98.67|101.52|104.29|106.83|107.97|108.75|109.74|
|0969. (Diğer Kültürel Hizmetler)|2023||||||||||||50.62|
||2024|53.91|56.04|58.92|62.35|66.48|68.12|70.64|72.62|74.5|74.42|75.9|76.17|
||2025|88.41|91.68|92.8|96.05|100.57|101.46|103.3|104.29|105.26|105.11|105.29|105.77|
||2026|111.5||||||||||||
|09690. (Diğer Kültürel Hizmetler)|2023||||||||||||50.62|
||2024|53.91|56.04|58.92|62.35|66.48|68.12|70.64|72.62|74.5|74.42|75.9|76.17|
||2025|88.41|91.68|92.8|96.05|100.57|101.46|103.3|104.29|105.26|105.11|105.29|105.77|
||2026|111.5||||||||||||
|097. (Gazete, Kitap Ve Kırtasiye Malzemeleri)|2023||||||||||||58.19|
||2024|63.77|69.37|71.87|73.03|75.57|76.87|79.65|83.42|85.13|86.72|87.76|89.7|
||2025|91.35|92.02|93.41|94.63|96.28|97.22|101.19|103.92|105.55|107.14|108.32|108.97|
||2026|110.8||||||||||||
|0971. (Kitaplar)|2023||||||||||||57.64|
||2024|63.76|69.01|70.56|72.87|73.35|75.12|78.58|83.17|84.98|86.29|88.26|90.54|
||2025|91.69|92.66|93.75|94.71|95.18|95.44|100.82|103.31|106.04|107.56|109.3|109.54|
||2026|111.36||||||||||||
|09711. (Eğitsel Kitaplar Ve Ders Kitapları)|2023||||||||||||62.67|
||2024|69.39|75.15|76.13|77.49|77.51|79.45|84.79|89.32|90.77|91.28|92.46|92.72|
||2025|92.76|93.34|94.32|94.95|95.22|95.14|101.39|103.76|105.92|107.29|108.0|107.93|
||2026|109.25||||||||||||
|09719. (Diğer Kitaplar)|2023||||||||||||49.69|
||2024|54.9|59.38|61.33|64.31|65.15|66.67|68.29|72.64|74.65|76.57|79.1|82.95|
||2025|88.0|90.31|91.78|93.9|95.07|96.48|98.85|101.73|106.46|108.49|113.83|115.1|
||2026|118.3||||||||||||
|0972. (Gazeteler Ve Süreli Yayınlar)|2023||||||||||||43.97|
||2024|49.3|54.69|55.65|55.72|63.24|64.12|66.47|71.04|76.34|78.85|78.85|78.84|
||2025|82.55|83.22|83.27|89.94|92.31|95.75|98.06|114.07|114.15|114.49|116.09|116.09|
|09721. (Gazeteler)|2023||||||||||||42.91|
||2024|47.1|54.47|54.55|54.56|65.71|65.77|69.37|75.49|79.12|81.95|81.95|81.95|
||2025|81.02|80.97|80.97|90.53|94.3|94.36|94.18|116.77|116.77|116.8|116.67|116.67|
|09722. (Dergiler Ve Süreli Yayınlar)|2023||||||||||||46.74|
||2024|54.51|55.83|58.63|58.84|58.83|61.45|61.18|62.58|71.43|73.29|73.29|73.29|
||2025|85.29|87.25|87.39|88.89|88.76|98.24|105.02|109.25|109.45|110.35|115.06|115.06|
|0974. (Kırtasiye Ve Çizim Malzemeleri)|2023||||||||||||63.33|
||2024|67.89|74.25|79.14|78.24|83.62|84.04|85.54|87.43|87.9|89.79|89.24|91.03|
||2025|93.26|93.19|95.71|95.89|100.19|102.03|103.07|102.26|101.69|103.83|103.5|105.37|
||2026|107.17||||||||||||
|09740. (Kırtasiye Ve Çizim Malzemeleri)|2023||||||||||||63.33|
||2024|67.89|74.25|79.14|78.24|83.62|84.04|85.54|87.43|87.9|89.79|89.24|91.03|
||2025|93.26|93.19|95.71|95.89|100.19|102.03|103.07|102.26|101.69|103.83|103.5|105.37|
||2026|107.17||||||||||||
|098. (Paket Turlar Ve Tatiller)|2023||||||||||||68.4|
||2024|71.22|79.17|82.57|82.22|83.9|84.73|84.24|83.48|83.99|84.54|86.52|88.23|
||2025|91.77|90.56|94.32|97.4|98.12|97.97|100.31|101.91|103.28|106.63|107.99|109.74|
||2026|112.1||||||||||||
|0980. (Paket Turlar Ve Tatiller)|2023||||||||||||68.4|
||2024|71.22|79.17|82.57|82.22|83.9|84.73|84.24|83.48|83.99|84.54|86.52|88.23|
||2025|91.77|90.56|94.32|97.4|98.12|97.97|100.31|101.91|103.28|106.63|107.99|109.74|
||2026|112.1||||||||||||
|09800. (Paket Turlar Ve Tatiller)|2023||||||||||||68.4|
||2024|71.22|79.17|82.57|82.22|83.9|84.73|84.24|83.48|83.99|84.54|86.52|88.23|
||2025|91.77|90.56|94.32|97.4|98.12|97.97|100.31|101.91|103.28|106.63|107.99|109.74|
||2026|112.1||||||||||||
|10. (Eğitim Hizmetleri)|2023||||||||||||37.28|
||2024|38.46|43.37|49.04|50.5|53.34|55.19|55.96|62.3|71.16|71.39|71.4|71.44|
||2025|76.89|84.52|88.48|90.49|91.57|95.67|98.22|100.25|118.19|118.29|118.64|118.79|
||2026|126.64||||||||||||
|101. (Okul Öncesi Ve Temel Eğitim (İlkokul))|2023||||||||||||34.72|
||2024|35.93|43.24|52.48|54.8|59.21|61.83|62.75|64.2|65.2|65.26|65.26|65.26|
||2025|73.0|85.16|91.1|93.63|95.16|101.68|105.48|108.01|111.7|111.7|111.7|111.7|
||2026|122.26||||||||||||
|1010. (Okul Öncesi Ve Temel Eğitim (İlkokul))|2023||||||||||||34.72|
||2024|35.93|43.24|52.48|54.8|59.21|61.83|62.75|64.2|65.2|65.26|65.26|65.26|
||2025|73.0|85.16|91.1|93.63|95.16|101.68|105.48|108.01|111.7|111.7|111.7|111.7|
||2026|122.26||||||||||||
|10101. (Okul Öncesi Eğitim)|2025||||||||||||100.0|
||2026|104.52||||||||||||
|10102. (İlkokul Eğitimi (Temel Eğitim))|2023||||||||||||34.72|
||2024|35.93|43.24|52.48|54.8|59.21|61.83|62.75|64.2|65.2|65.26|65.26|65.26|
||2025|73.0|85.16|91.1|93.63|95.16|101.68|105.48|108.01|111.7|111.7|111.7|111.7|
||2026|125.14||||||||||||
|102. (Ortaöğretim Eğitimi (Ortaokul Ve Lise))|2023||||||||||||34.51|
||2024|36.01|43.74|53.01|55.19|59.52|62.05|63.01|64.27|65.03|65.08|65.08|65.08|
||2025|73.42|85.22|91.33|94.4|95.78|101.89|105.73|108.05|111.05|111.05|111.05|111.05|
||2026|124.74||||||||||||
|1020. (Ortaöğretim Eğitimi (Ortaokul Ve Lise))|2023||||||||||||34.51|
||2024|36.01|43.74|53.01|55.19|59.52|62.05|63.01|64.27|65.03|65.08|65.08|65.08|
||2025|73.42|85.22|91.33|94.4|95.78|101.89|105.73|108.05|111.05|111.05|111.05|111.05|
||2026|124.74||||||||||||
|10200. (Ortaöğretim Eğitimi (Ortaokul Ve Lise))|2023||||||||||||34.51|
||2024|36.01|43.74|53.01|55.19|59.52|62.05|63.01|64.27|65.03|65.08|65.08|65.08|
||2025|73.42|85.22|91.33|94.4|95.78|101.89|105.73|108.05|111.05|111.05|111.05|111.05|
||2026|124.74||||||||||||
|104. (Yükseköğretim Eğitimi)|2023||||||||||||39.51|
||2024|39.51|39.51|39.51|39.51|39.51|39.51|39.51|56.57|82.18|82.18|82.18|82.18|
||2025|82.18|82.18|82.18|82.18|82.18|82.18|82.18|83.66|135.26|135.26|135.26|135.26|
||2026|135.26||||||||||||
|1040. (Yükseköğretim Eğitimi)|2023||||||||||||39.51|
||2024|39.51|39.51|39.51|39.51|39.51|39.51|39.51|56.57|82.18|82.18|82.18|82.18|
||2025|82.18|82.18|82.18|82.18|82.18|82.18|82.18|83.66|135.26|135.26|135.26|135.26|
||2026|135.26||||||||||||
|10400. (Yükseköğretim Eğitimi)|2023||||||||||||39.51|
||2024|39.51|39.51|39.51|39.51|39.51|39.51|39.51|56.57|82.18|82.18|82.18|82.18|
||2025|82.18|82.18|82.18|82.18|82.18|82.18|82.18|83.66|135.26|135.26|135.26|135.26|
||2026|135.26||||||||||||
|105. (Seviyeye Göre Tanımlanamayan Eğitim)|2023||||||||||||51.41|
||2024|55.44|59.06|60.01|61.63|64.43|68.55|70.95|73.34|77.24|79.84|79.93|80.53|
||2025|85.05|88.61|90.96|93.19|96.06|99.69|102.08|103.62|106.18|107.49|112.47|114.58|
|1050. (Seviyeye Göre Tanımlanamayan Eğitim)|2023||||||||||||51.41|
||2024|55.44|59.06|60.01|61.63|64.43|68.55|70.95|73.34|77.24|79.84|79.93|80.53|
||2025|85.05|88.61|90.96|93.19|96.06|99.69|102.08|103.62|106.18|107.49|112.47|114.58|
|10501. (Özel Ders)|2023||||||||||||53.87|
||2024|54.67|55.7|56.43|56.97|58.1|62.52|66.32|68.77|71.54|75.04|75.52|75.72|
||2025|76.71|77.82|78.34|84.16|90.17|95.65|102.99|106.63|114.08|120.41|126.25|126.78|
|10509. (Seviyeye Göre Tanımlanamayan Diğer Eğitim)|2023||||||||||||50.67|
||2024|55.46|59.69|60.68|62.56|65.74|69.77|71.84|74.2|78.36|80.74|80.74|81.44|
||2025|86.62|90.64|93.33|94.89|97.17|100.45|101.91|103.06|104.7|105.07|109.88|112.29|
|11. (Lokantalar Ve Konaklama Hizmetleri)|2023||||||||||||52.32|
||2024|58.69|61.88|64.32|67.34|71.06|73.26|75.7|77.23|79.34|80.48|81.11|82.21|
||2025|87.56|90.28|92.22|95.53|97.28|99.33|101.56|103.46|106.24|107.66|108.62|110.26|
||2026|116.72||||||||||||
|111. (Yiyecek Ve İçecek Sunum Hizmetleri)|2023||||||||||||51.88|
||2024|58.46|61.88|64.47|67.56|71.3|73.39|75.72|77.16|78.62|80.03|80.99|82.23|
||2025|87.68|90.62|92.78|95.98|97.54|99.31|101.38|103.3|105.32|107.09|108.54|110.45|
||2026|117.44||||||||||||
|1111. (Lokantalar, Kafeler Ve Benzerleri)|2023||||||||||||51.88|
||2024|58.46|61.88|64.47|67.56|71.3|73.39|75.72|77.16|78.62|80.03|80.99|82.23|
||2025|87.68|90.62|92.78|95.98|97.54|99.31|101.38|103.3|105.32|107.09|108.54|110.45|
||2026|117.75||||||||||||
|11111. (Lokantalar, Kafeler Ve Benzerleri, Tam Sunum Hizmeti Verenler)|2023||||||||||||51.86|
||2024|58.32|61.65|64.42|67.59|71.61|73.46|75.69|77.09|78.53|80.01|80.99|82.16|
||2025|87.67|90.51|92.77|96.12|97.61|99.35|101.5|103.45|105.36|107.06|108.49|110.11|
||2026|117.31||||||||||||
|11112. (Lokantalar, Kafeler Ve Benzerleri, Sınırlı Sunum Hizmeti Verenler)|2023||||||||||||51.98|
||2024|59.07|62.88|64.7|67.44|69.97|73.09|75.85|77.49|79.02|80.12|81.04|82.54|
||2025|87.74|91.14|92.82|95.38|97.23|99.1|100.83|102.61|105.13|107.23|108.78|112.01|
||2026|121.0||||||||||||
|1112. (Kantinler, Kafeteryalar Ve Yemekhaneler)|2025||||||||||||100.0|
||2026|102.0||||||||||||
|11121. (Üniversitelerin, Okulların Ve Kreşlerin Kafeteryaları Ve Kantinleri)|2025||||||||||||100.0|
||2026|102.0||||||||||||
|112. (Konaklama Hizmetleri)|2023||||||||||||57.0|
||2024|61.13|61.9|62.77|65.07|68.51|71.89|75.53|77.97|86.91|85.21|82.39|82.04|
||2025|86.3|86.98|86.81|91.18|94.82|99.5|103.28|105.05|115.2|113.17|109.37|108.34|
||2026|113.12||||||||||||
|1120. (Konaklama Hizmetleri)|2023||||||||||||57.0|
||2024|61.13|61.9|62.77|65.07|68.51|71.89|75.53|77.97|86.91|85.21|82.39|82.04|
||2025|86.3|86.98|86.81|91.18|94.82|99.5|103.28|105.05|115.2|113.17|109.37|108.34|
||2026|113.12||||||||||||
|11201. (Otel, Motel, Pansiyon Ve Benzeri Yerlerdeki Konaklama Hizmetleri)|2023||||||||||||56.32|
||2024|62.23|63.3|64.55|67.84|72.76|77.62|82.83|86.15|86.04|83.42|79.38|78.85|
||2025|85.05|86.04|85.78|92.24|97.68|104.61|110.19|112.8|111.95|108.82|103.17|101.64|
||2026|106.3||||||||||||
|11203. (Yatılı Okullar, Üniversiteler Ve Diğer Eğitim Kurumlarındaki Konaklama Hizmetleri)|2023||||||||||||58.0|
||2024|58.04|58.12|58.13|58.14|58.15|58.14|58.14|58.58|88.1|88.49|88.49|88.55|
||2025|88.86|88.9|88.92|88.99|88.97|89.05|89.14|89.19|121.85|122.05|122.04|122.04|
||2026|122.41||||||||||||
|12. (Sigorta Ve Finansal Hizmetler)|2023||||||||||||49.52|
||2024|58.04|61.15|63.58|66.75|69.29|67.96|72.38|74.85|76.81|78.98|81.44|84.56|
||2025|91.97|95.3|94.62|97.63|99.62|100.86|103.84|104.37|102.35|103.32|103.97|102.15|
||2026|113.2||||||||||||
|121. (Sigorta)|2023||||||||||||49.7|
||2024|57.75|60.93|63.43|66.67|69.28|67.92|72.44|74.98|76.98|79.2|81.73|84.93|
||2025|91.78|95.19|94.5|97.57|99.62|100.88|103.93|104.47|102.4|103.4|104.06|102.2|
||2026|107.16||||||||||||
|1212. (Sağlık Sigortası)|2023||||||||||||49.89|
||2024|56.94|56.36|58.59|60.49|64.49|59.52|66.0|72.62|75.9|77.19|82.65|85.16|
||2025|98.42|90.88|92.39|94.72|99.36|100.06|107.34|108.58|102.33|100.59|102.38|102.96|
||2026|105.83||||||||||||
|12120. (Sağlık Sigortası)|2023||||||||||||49.89|
||2024|56.94|56.36|58.59|60.49|64.49|59.52|66.0|72.62|75.9|77.19|82.65|85.16|
||2025|98.42|90.88|92.39|94.72|99.36|100.06|107.34|108.58|102.33|100.59|102.38|102.96|
||2026|105.83||||||||||||
|1213. (Konut Sigortası)|2023||||||||||||32.56|
||2024|66.35|66.75|69.05|71.21|73.72|75.84|77.36|78.33|79.34|80.95|81.84|82.43|
||2025|83.02|83.73|90.98|95.7|97.33|99.68|102.05|104.32|105.97|110.15|112.78|114.28|
||2026|121.44||||||||||||
|12130. (Konut Sigortası)|2023||||||||||||32.56|
||2024|66.35|66.75|69.05|71.21|73.72|75.84|77.36|78.33|79.34|80.95|81.84|82.43|
||2025|83.02|83.73|90.98|95.7|97.33|99.68|102.05|104.32|105.97|110.15|112.78|114.28|
||2026|121.44||||||||||||
|1214. (Taşımacılık Sigortası)|2023||||||||||||52.28|
||2024|56.43|60.67|63.24|66.87|69.26|67.96|72.62|74.71|76.66|79.13|81.41|85.13|
||2025|91.55|97.02|95.18|98.23|99.88|101.13|103.56|103.81|102.07|103.2|103.49|100.89|
||2026|105.78||||||||||||
|12141. (Özel Taşımacılık Sigortası)|2023||||||||||||52.28|
||2024|56.43|60.67|63.24|66.87|69.26|67.96|72.62|74.71|76.66|79.13|81.41|85.13|
||2025|91.55|97.02|95.18|98.23|99.88|101.13|103.56|103.81|102.07|103.2|103.49|100.89|
||2026|105.78||||||||||||
|122. (Finansal Hizmetler)|2023||||||||||||41.97|
||2024|69.29|69.29|69.29|69.29|69.29|69.29|69.29|69.29|69.29|69.29|69.29|69.29|
||2025|100.0|100.0|100.0|100.0|100.0|100.0|100.0|100.0|100.0|100.0|100.0|100.0|
||2026|114.78||||||||||||
|1222. (Mevduat Kabul Eden Kuruluşlara Yapılan Doğrudan Ödemeler)|2025||||||||||||100.0|
||2026|109.37||||||||||||
|12220. (Mevduat Kabul Eden Kuruluşlara Yapılan Doğrudan Ödemeler)|2025||||||||||||100.0|
||2026|109.37||||||||||||
|1229. (Diğer Finansal Hizmetler)|2023||||||||||||41.97|
||2024|69.29|69.29|69.29|69.29|69.29|69.29|69.29|69.29|69.29|69.29|69.29|69.29|
||2025|100.0|100.0|100.0|100.0|100.0|100.0|100.0|100.0|100.0|100.0|100.0|100.0|
||2026|130.87||||||||||||
|12291. (Havale Ücretleri)|2023||||||||||||41.97|
||2024|69.29|69.29|69.29|69.29|69.29|69.29|69.29|69.29|69.29|69.29|69.29|69.29|
||2025|100.0|100.0|100.0|100.0|100.0|100.0|100.0|100.0|100.0|100.0|100.0|100.0|
||2026|130.87||||||||||||
|13. (Kişisel Bakım, Sosyal Koruma Ve Çeşitli Mal Ve Hizmetler)|2023||||||||||||59.67|
||2024|64.29|66.65|68.77|71.24|72.39|73.68|75.76|77.28|79.87|81.56|82.86|84.06|
||2025|88.94|91.75|93.66|96.23|97.81|99.51|101.42|102.24|104.85|106.07|108.05|109.47|
||2026|115.37||||||||||||
|131. (Kişisel Bakım)|2023||||||||||||59.45|
||2024|63.62|66.25|68.33|70.72|72.48|74.28|76.39|77.99|79.78|80.56|82.48|83.87|
||2025|88.54|91.13|93.68|96.55|98.4|100.14|102.51|103.36|105.25|105.55|106.79|108.11|
||2026|111.94||||||||||||
|1311. (Kişisel Bakıma Yönelik Elektrikli Aletler)|2023||||||||||||74.94|
||2024|78.68|80.36|82.47|85.67|83.9|83.71|82.75|86.53|88.33|90.16|91.86|94.24|
||2025|96.89|95.27|96.88|99.29|97.55|99.09|99.73|102.23|102.18|102.98|101.03|106.89|
||2026|110.05||||||||||||
|13111. (Kişisel Bakıma Yönelik Elektrikli Aletler)|2023||||||||||||74.94|
||2024|78.68|80.36|82.47|85.67|83.9|83.71|82.75|86.53|88.33|90.16|91.86|94.24|
||2025|96.89|95.27|96.88|99.29|97.55|99.09|99.73|102.23|102.18|102.98|101.03|106.89|
||2026|110.05||||||||||||
|1312. (Kişisel Bakıma Yönelik Diğer Aletler, Malzemeler Ve Ürünler)|2023||||||||||||67.25|
||2024|70.06|71.67|73.48|75.92|77.61|79.42|81.33|82.42|83.88|84.29|86.64|88.09|
||2025|90.68|91.44|94.13|97.21|98.94|100.19|102.67|102.93|104.7|104.51|105.75|106.85|
||2026|108.45||||||||||||
|13120. (Kişisel Bakıma Yönelik Diğer Aletler, Malzemeler Ve Ürünler)|2023||||||||||||67.25|
||2024|70.06|71.67|73.48|75.92|77.61|79.42|81.33|82.42|83.88|84.29|86.64|88.09|
||2025|90.68|91.44|94.13|97.21|98.94|100.19|102.67|102.93|104.7|104.51|105.75|106.85|
||2026|108.45||||||||||||
|1313. (Kuaför Salonları Ve Kişisel Bakım Merkezleri)|2023||||||||||||44.13|
||2024|50.56|54.94|57.44|59.68|61.67|63.52|66.03|68.38|70.72|72.08|73.22|74.43|
||2025|83.59|90.25|92.55|95.01|97.32|100.1|102.31|104.32|106.57|107.88|109.29|110.82|
||2026|119.55||||||||||||
|13131. (Kuaförlük Hizmetleri)|2023||||||||||||42.34|
||2024|48.89|53.65|56.06|58.19|60.1|62.17|64.89|67.27|69.57|71.15|72.34|73.58|
||2025|82.87|89.81|92.52|94.95|97.25|100.07|102.58|104.61|106.73|108.07|109.48|111.07|
||2026|120.04||||||||||||
|13132. (Kişisel Bakım Hizmetleri)|2023||||||||||||50.27|
||2024|56.18|59.22|62.04|64.65|66.9|67.93|69.74|71.93|74.4|74.98|75.93|77.02|
||2025|85.78|91.59|92.64|95.21|97.51|100.22|101.5|103.4|106.08|107.31|108.71|110.05|
||2026|118.29||||||||||||
|132. (Diğer Kişisel Eşyalar)|2023||||||||||||66.23|
||2024|68.17|70.05|73.7|75.78|75.87|76.53|79.31|81.21|82.96|85.06|84.35|85.93|
||2025|86.41|90.76|92.11|95.5|97.28|99.7|101.33|101.83|105.22|109.31|108.97|111.57|
||2026|117.08||||||||||||
|1321. (Mücevherat Ve Kol Saatleri)|2023||||||||||||52.36|
||2024|54.89|55.77|61.63|63.9|63.64|63.75|65.7|68.35|71.45|74.62|74.07|74.77|
||2025|76.21|82.02|83.85|91.26|94.41|98.26|100.06|101.39|108.93|118.81|119.79|125.01|
||2026|138.97||||||||||||
|13211. (Mücevherat Ve Kol Saatleri)|2023||||||||||||52.36|
||2024|54.89|55.77|61.63|63.9|63.64|63.75|65.7|68.35|71.45|74.62|74.07|74.77|
||2025|76.21|82.02|83.85|91.26|94.41|98.26|100.06|101.39|108.93|118.81|119.79|125.01|
||2026|138.97||||||||||||
|1329. (Başka Yerde Sınıflandırılmamış Diğer Kişisel Eşyalar)|2023||||||||||||77.45|
||2024|78.83|81.57|83.2|85.07|85.48|86.61|90.08|91.3|91.81|92.94|92.1|94.43|
||2025|94.19|97.42|98.4|98.73|99.47|100.8|102.31|102.16|102.39|102.07|100.73|101.34|
||2026|101.95||||||||||||
|13291. (Başka Yerde Sınıflandırılmamış Seyahat Eşyaları, Bebekler İçin Malzemeler Ve Diğer Kişisel Eşyalar)|2023||||||||||||77.45|
||2024|78.83|81.57|83.2|85.07|85.48|86.61|90.08|91.3|91.81|92.94|92.1|94.43|
||2025|94.19|97.42|98.4|98.73|99.47|100.8|102.31|102.16|102.39|102.07|100.73|101.34|
||2026|101.95||||||||||||
|133. (Sosyal Koruma)|2023||||||||||||43.43|
||2024|49.89|54.14|54.69|55.1|56.62|57.94|60.67|62.52|77.44|79.44|79.89|80.19|
||2025|86.17|90.13|91.43|92.72|93.96|95.69|97.76|100.64|111.52|113.27|113.3|113.4|
||2026|119.3||||||||||||
|1330. (Sosyal Koruma)|2023||||||||||||43.43|
||2024|49.89|54.14|54.69|55.1|56.62|57.94|60.67|62.52|77.44|79.44|79.89|80.19|
||2025|86.17|90.13|91.43|92.72|93.96|95.69|97.76|100.64|111.52|113.27|113.3|113.4|
||2026|119.3||||||||||||
|13301. (Çocuk Bakım Hizmetleri)|2023||||||||||||43.43|
||2024|49.89|54.14|54.69|55.1|56.62|57.94|60.67|62.52|77.44|79.44|79.89|80.19|
||2025|86.17|90.13|91.43|92.72|93.96|95.69|97.76|100.64|111.52|113.27|113.3|113.4|
||2026|119.3||||||||||||
|139. (Diğer Hizmetler)|2023||||||||||||58.13|
||2024|68.74|69.55|69.89|74.77|74.85|74.97|75.18|75.45|75.72|80.58|83.37|83.56|
||2025|97.44|97.7|97.79|97.94|98.01|98.07|98.16|98.31|98.41|98.45|109.68|110.05|
||2026|119.74||||||||||||
|1390. (Diğer Hizmetler)|2023||||||||||||58.13|
||2024|68.74|69.55|69.89|74.77|74.85|74.97|75.18|75.45|75.72|80.58|83.37|83.56|
||2025|97.44|97.7|97.79|97.94|98.01|98.07|98.16|98.31|98.41|98.45|109.68|110.05|
||2026|119.74||||||||||||
|13902. (Dini Hizmetler)|2023||||||||||||81.0|
||2024|83.87|85.54|85.96|85.97|85.84|85.81|85.72|85.69|85.68|85.69|95.44|95.4|
||2025|95.37|95.37|95.33|95.22|95.2|95.1|95.03|95.0|94.99|94.88|123.74|124.78|
||2026|126.12||||||||||||
|13909. (Başka Yerde Sınıflandırılmamış Diğer Hizmetler)|2023||||||||||||49.61|
||2024|63.15|63.65|63.96|70.67|70.84|71.0|71.32|71.71|72.09|78.79|78.96|79.25|
||2025|98.2|98.55|98.68|98.93|99.04|99.15|99.31|99.52|99.66|99.75|104.54|104.68|
||2026|118.1||||||||||||
|||||||||||||||
